{"time":"2026-04-28 13:56:40,960","level":"INFO","message":"API iniciando"}
{"time":"2026-04-28 13:58:27,112","level":"INFO","message":"Alguem acessou o nosso /"}
{"time":"2026-04-28 14:00:27,530","level":"INFO","message":"Alguem acessou o nosso /"}
{"time":"2026-04-28 11:07:47,004","level":"INFO","message":"API iniciando"}
{"time":"2026-04-28 11:07:47,047","level":"INFO","message":"Will watch for changes in these directories: ['E:\\Curso EBAC\\MainBackEnd']"}
{"time":"2026-04-28 11:07:47,048","level":"INFO","message":"Uvicorn running on http://127.0.0.1:8000 (Press CTRL+C to quit)"}
{"time":"2026-04-28 11:07:47,049","level":"INFO","message":"Started reloader process [9252] using WatchFiles"}
{"time":"2026-04-28 11:07:47,474","level":"INFO","message":"1 change detected"}
{"time":"2026-04-28 11:07:47,832","level":"INFO","message":"1 change detected"}
{"time":"2026-04-28 11:07:48,240","level":"INFO","message":"1 change detected"}
{"time":"2026-04-28 11:07:48,398","level":"INFO","message":"API iniciando"}
{"time":"2026-04-28 11:07:48,651","level":"INFO","message":"1 change detected"}
{"time":"2026-04-28 11:07:49,057","level":"INFO","message":"1 change detected"}
{"time":"2026-04-28 11:07:49,462","level":"INFO","message":"1 change detected"}
{"time":"2026-04-28 11:07:49,869","level":"INFO","message":"1 change detected"}
{"time":"2026-04-28 11:07:50,272","level":"INFO","message":"1 change detected"}
{"time":"2026-04-28 11:07:50,675","level":"INFO","message":"1 change detected"}
{"time":"2026-04-28 11:07:51,079","level":"INFO","message":"1 change detected"}
{"time":"2026-04-28 11:07:51,482","level":"INFO","message":"1 change detected"}
{"time":"2026-04-28 11:07:51,847","level":"INFO","message":"1 change detected"}
{"time":"2026-04-28 11:07:52,252","level":"INFO","message":"1 change detected"}
{"time":"2026-04-28 11:07:52,655","level":"INFO","message":"1 change detected"}
{"time":"2026-04-28 11:07:53,056","level":"INFO","message":"1 change detected"}
{"time":"2026-04-28 11:07:53,463","level":"INFO","message":"1 change detected"}
{"time":"2026-04-28 11:07:53,866","level":"INFO","message":"1 change detected"}
{"time":"2026-04-28 11:07:54,273","level":"INFO","message":"1 change detected"}
{"time":"2026-04-28 11:07:54,680","level":"INFO","message":"1 change detected"}
{"time":"2026-04-28 11:07:55,084","level":"INFO","message":"1 change detected"}
{"time":"2026-04-28 11:07:55,488","level":"INFO","message":"1 change detected"}
{"time":"2026-04-28 11:07:55,891","level":"INFO","message":"1 change detected"}
{"time":"2026-04-28 11:07:56,294","level":"INFO","message":"1 change detected"}
{"time":"2026-04-28 11:07:56,698","level":"INFO","message":"1 change detected"}
{"time":"2026-04-28 11:07:57,104","level":"INFO","message":"1 change detected"}
{"time":"2026-04-28 11:07:57,507","level":"INFO","message":"1 change detected"}
{"time":"2026-04-28 11:07:57,910","level":"INFO","message":"1 change detected"}
{"time":"2026-04-28 11:07:58,313","level":"INFO","message":"1 change detected"}
{"time":"2026-04-28 11:07:58,715","level":"INFO","message":"1 change detected"}
{"time":"2026-04-28 11:07:59,118","level":"INFO","message":"1 change detected"}
{"time":"2026-04-28 11:07:59,522","level":"INFO","message":"1 change detected"}
{"time":"2026-04-28 11:07:59,928","level":"INFO","message":"1 change detected"}
{"time":"2026-04-28 11:08:00,330","level":"INFO","message":"1 change detected"}
{"time":"2026-04-28 11:08:00,735","level":"INFO","message":"1 change detected"}
{"time":"2026-04-28 11:08:01,137","level":"INFO","message":"1 change detected"}
{"time":"2026-04-28 11:08:01,541","level":"INFO","message":"1 change detected"}
{"time":"2026-04-28 11:08:01,944","level":"INFO","message":"1 change detected"}
{"time":"2026-04-28 11:08:02,349","level":"INFO","message":"1 change detected"}
{"time":"2026-04-28 11:08:02,754","level":"INFO","message":"1 change detected"}
{"time":"2026-04-28 11:08:03,160","level":"INFO","message":"1 change detected"}
{"time":"2026-04-28 11:08:03,565","level":"INFO","message":"1 change detected"}
{"time":"2026-04-28 11:08:03,970","level":"INFO","message":"1 change detected"}
{"time":"2026-04-28 11:08:04,372","level":"INFO","message":"1 change detected"}
{"time":"2026-04-28 11:08:04,777","level":"INFO","message":"1 change detected"}
{"time":"2026-04-28 11:08:05,181","level":"INFO","message":"1 change detected"}
{"time":"2026-04-28 11:08:05,586","level":"INFO","message":"1 change detected"}
{"time":"2026-04-28 11:08:05,991","level":"INFO","message":"1 change detected"}
{"time":"2026-04-28 11:08:06,393","level":"INFO","message":"1 change detected"}
{"time":"2026-04-28 11:08:06,796","level":"INFO","message":"1 change detected"}
{"time":"2026-04-28 11:08:07,203","level":"INFO","message":"1 change detected"}
{"time":"2026-04-28 11:08:07,605","level":"INFO","message":"1 change detected"}
{"time":"2026-04-28 11:08:08,009","level":"INFO","message":"1 change detected"}
{"time":"2026-04-28 11:08:08,412","level":"INFO","message":"1 change detected"}
{"time":"2026-04-28 11:08:08,815","level":"INFO","message":"1 change detected"}
{"time":"2026-04-28 11:08:09,218","level":"INFO","message":"1 change detected"}
{"time":"2026-04-28 11:08:09,625","level":"INFO","message":"1 change detected"}
{"time":"2026-04-28 11:08:10,029","level":"INFO","message":"1 change detected"}
{"time":"2026-04-28 11:08:10,434","level":"INFO","message":"1 change detected"}
{"time":"2026-04-28 11:08:10,839","level":"INFO","message":"1 change detected"}
{"time":"2026-04-28 11:08:11,243","level":"INFO","message":"1 change detected"}
{"time":"2026-04-28 11:08:11,647","level":"INFO","message":"1 change detected"}
{"time":"2026-04-28 11:08:12,053","level":"INFO","message":"1 change detected"}
{"time":"2026-04-28 11:08:12,456","level":"INFO","message":"1 change detected"}
{"time":"2026-04-28 11:08:12,860","level":"INFO","message":"1 change detected"}
{"time":"2026-04-28 11:08:13,265","level":"INFO","message":"1 change detected"}
{"time":"2026-04-28 11:08:13,671","level":"INFO","message":"1 change detected"}
{"time":"2026-04-28 11:08:14,074","level":"INFO","message":"1 change detected"}
{"time":"2026-04-28 11:08:14,477","level":"INFO","message":"1 change detected"}
{"time":"2026-04-28 11:08:14,880","level":"INFO","message":"1 change detected"}
{"time":"2026-04-28 11:08:15,284","level":"INFO","message":"1 change detected"}
{"time":"2026-04-28 11:08:15,689","level":"INFO","message":"1 change detected"}
{"time":"2026-04-28 11:08:16,092","level":"INFO","message":"1 change detected"}
{"time":"2026-04-28 11:08:16,499","level":"INFO","message":"1 change detected"}
{"time":"2026-04-28 11:08:16,902","level":"INFO","message":"1 change detected"}
{"time":"2026-04-28 11:08:17,306","level":"INFO","message":"1 change detected"}
{"time":"2026-04-28 11:08:17,689","level":"INFO","message":"1 change detected"}
{"time":"2026-04-28 11:08:18,103","level":"INFO","message":"1 change detected"}
{"time":"2026-04-28 11:08:18,505","level":"INFO","message":"1 change detected"}
{"time":"2026-04-28 11:08:18,913","level":"INFO","message":"1 change detected"}
{"time":"2026-04-28 11:08:19,317","level":"INFO","message":"1 change detected"}
{"time":"2026-04-28 11:08:19,725","level":"INFO","message":"1 change detected"}
{"time":"2026-04-28 11:08:20,141","level":"INFO","message":"1 change detected"}
{"time":"2026-04-28 11:08:20,552","level":"INFO","message":"1 change detected"}
{"time":"2026-04-28 11:08:20,954","level":"INFO","message":"1 change detected"}
{"time":"2026-04-28 11:08:21,358","level":"INFO","message":"1 change detected"}
{"time":"2026-04-28 11:08:21,761","level":"INFO","message":"1 change detected"}
{"time":"2026-04-28 11:08:22,166","level":"INFO","message":"1 change detected"}
{"time":"2026-04-28 11:08:22,570","level":"INFO","message":"1 change detected"}
{"time":"2026-04-28 11:08:22,926","level":"INFO","message":"1 change detected"}
{"time":"2026-04-28 11:08:23,334","level":"INFO","message":"1 change detected"}
{"time":"2026-04-28 11:08:23,737","level":"INFO","message":"1 change detected"}
{"time":"2026-04-28 11:08:24,144","level":"INFO","message":"1 change detected"}
{"time":"2026-04-28 11:08:24,550","level":"INFO","message":"1 change detected"}
{"time":"2026-04-28 11:08:24,954","level":"INFO","message":"1 change detected"}
{"time":"2026-04-28 11:08:25,358","level":"INFO","message":"1 change detected"}
{"time":"2026-04-28 11:08:25,762","level":"INFO","message":"1 change detected"}
{"time":"2026-04-28 11:08:26,170","level":"INFO","message":"1 change detected"}
{"time":"2026-04-28 11:08:26,575","level":"INFO","message":"1 change detected"}
{"time":"2026-04-28 11:08:26,976","level":"INFO","message":"1 change detected"}
{"time":"2026-04-28 11:08:27,381","level":"INFO","message":"1 change detected"}
{"time":"2026-04-28 11:08:27,789","level":"INFO","message":"1 change detected"}
{"time":"2026-04-28 11:08:28,192","level":"INFO","message":"1 change detected"}
{"time":"2026-04-28 11:08:28,596","level":"INFO","message":"1 change detected"}
{"time":"2026-04-28 11:08:29,000","level":"INFO","message":"1 change detected"}
{"time":"2026-04-28 11:08:29,402","level":"INFO","message":"1 change detected"}
{"time":"2026-04-28 11:08:29,807","level":"INFO","message":"1 change detected"}
{"time":"2026-04-28 11:08:30,212","level":"INFO","message":"1 change detected"}
{"time":"2026-04-28 11:08:30,616","level":"INFO","message":"1 change detected"}
{"time":"2026-04-28 11:08:31,018","level":"INFO","message":"1 change detected"}
{"time":"2026-04-28 11:08:31,422","level":"INFO","message":"1 change detected"}
{"time":"2026-04-28 11:08:31,824","level":"INFO","message":"1 change detected"}
{"time":"2026-04-28 11:08:32,226","level":"INFO","message":"1 change detected"}
{"time":"2026-04-28 11:08:32,632","level":"INFO","message":"1 change detected"}
{"time":"2026-04-28 11:08:33,034","level":"INFO","message":"1 change detected"}
{"time":"2026-04-28 11:08:33,437","level":"INFO","message":"1 change detected"}
{"time":"2026-04-28 11:08:33,841","level":"INFO","message":"1 change detected"}
{"time":"2026-04-28 11:08:34,244","level":"INFO","message":"1 change detected"}
{"time":"2026-04-28 11:08:34,650","level":"INFO","message":"1 change detected"}
{"time":"2026-04-28 11:08:35,055","level":"INFO","message":"1 change detected"}
{"time":"2026-04-28 11:08:35,461","level":"INFO","message":"1 change detected"}
{"time":"2026-04-28 11:08:35,864","level":"INFO","message":"1 change detected"}
{"time":"2026-04-28 11:08:36,268","level":"INFO","message":"1 change detected"}
{"time":"2026-04-28 11:08:36,672","level":"INFO","message":"1 change detected"}
{"time":"2026-04-28 11:08:37,077","level":"INFO","message":"1 change detected"}
{"time":"2026-04-28 11:08:37,482","level":"INFO","message":"1 change detected"}
{"time":"2026-04-28 11:08:37,885","level":"INFO","message":"1 change detected"}
{"time":"2026-04-28 11:08:38,289","level":"INFO","message":"1 change detected"}
{"time":"2026-04-28 11:08:38,691","level":"INFO","message":"1 change detected"}
{"time":"2026-04-28 11:08:39,097","level":"INFO","message":"1 change detected"}
{"time":"2026-04-28 11:08:39,501","level":"INFO","message":"1 change detected"}
{"time":"2026-04-28 11:08:39,917","level":"INFO","message":"1 change detected"}
{"time":"2026-04-28 11:08:40,321","level":"INFO","message":"1 change detected"}
{"time":"2026-04-28 11:08:40,727","level":"INFO","message":"1 change detected"}
{"time":"2026-04-28 11:08:41,129","level":"INFO","message":"1 change detected"}
{"time":"2026-04-28 11:08:41,534","level":"INFO","message":"1 change detected"}
{"time":"2026-04-28 11:08:41,939","level":"INFO","message":"1 change detected"}
{"time":"2026-04-28 11:08:42,343","level":"INFO","message":"1 change detected"}
{"time":"2026-04-28 11:08:42,699","level":"INFO","message":"1 change detected"}
{"time":"2026-04-28 11:08:43,105","level":"INFO","message":"1 change detected"}
{"time":"2026-04-28 11:08:43,508","level":"INFO","message":"1 change detected"}
{"time":"2026-04-28 11:08:43,912","level":"INFO","message":"1 change detected"}
{"time":"2026-04-28 11:08:44,318","level":"INFO","message":"1 change detected"}
{"time":"2026-04-28 11:08:44,721","level":"INFO","message":"1 change detected"}
{"time":"2026-04-28 11:08:45,126","level":"INFO","message":"1 change detected"}
{"time":"2026-04-28 11:08:45,531","level":"INFO","message":"1 change detected"}
{"time":"2026-04-28 11:08:45,934","level":"INFO","message":"1 change detected"}
{"time":"2026-04-28 11:08:46,339","level":"INFO","message":"1 change detected"}
{"time":"2026-04-28 11:08:46,742","level":"INFO","message":"1 change detected"}
{"time":"2026-04-28 11:08:47,145","level":"INFO","message":"1 change detected"}
{"time":"2026-04-28 11:08:47,550","level":"INFO","message":"1 change detected"}
{"time":"2026-04-28 11:08:47,955","level":"INFO","message":"1 change detected"}
{"time":"2026-04-28 11:08:48,358","level":"INFO","message":"1 change detected"}
{"time":"2026-04-28 11:08:48,764","level":"INFO","message":"1 change detected"}
{"time":"2026-04-28 11:08:49,167","level":"INFO","message":"1 change detected"}
{"time":"2026-04-28 11:08:49,570","level":"INFO","message":"1 change detected"}
{"time":"2026-04-28 11:08:49,975","level":"INFO","message":"1 change detected"}
{"time":"2026-04-28 11:08:50,381","level":"INFO","message":"1 change detected"}
{"time":"2026-04-28 11:08:50,785","level":"INFO","message":"1 change detected"}
{"time":"2026-04-28 11:08:51,188","level":"INFO","message":"1 change detected"}
{"time":"2026-04-28 11:08:51,592","level":"INFO","message":"1 change detected"}
{"time":"2026-04-28 11:08:51,993","level":"INFO","message":"1 change detected"}
{"time":"2026-04-28 11:08:52,397","level":"INFO","message":"1 change detected"}
{"time":"2026-04-28 11:08:52,752","level":"INFO","message":"1 change detected"}
{"time":"2026-04-28 11:08:53,161","level":"INFO","message":"1 change detected"}
{"time":"2026-04-28 11:08:53,564","level":"INFO","message":"1 change detected"}
{"time":"2026-04-28 11:08:53,968","level":"INFO","message":"1 change detected"}
{"time":"2026-04-28 11:08:54,372","level":"INFO","message":"1 change detected"}
{"time":"2026-04-28 11:08:54,775","level":"INFO","message":"1 change detected"}
{"time":"2026-04-28 11:08:55,178","level":"INFO","message":"1 change detected"}
{"time":"2026-04-28 11:08:55,583","level":"INFO","message":"1 change detected"}
{"time":"2026-04-28 11:08:55,988","level":"INFO","message":"1 change detected"}
{"time":"2026-04-28 11:08:56,393","level":"INFO","message":"1 change detected"}
{"time":"2026-04-28 11:08:56,799","level":"INFO","message":"1 change detected"}
{"time":"2026-04-28 11:08:57,201","level":"INFO","message":"1 change detected"}
{"time":"2026-04-28 11:08:57,605","level":"INFO","message":"1 change detected"}
{"time":"2026-04-28 11:08:58,014","level":"INFO","message":"1 change detected"}
{"time":"2026-04-28 11:08:58,418","level":"INFO","message":"1 change detected"}
{"time":"2026-04-28 11:08:58,824","level":"INFO","message":"1 change detected"}
{"time":"2026-04-28 11:08:59,227","level":"INFO","message":"1 change detected"}
{"time":"2026-04-28 11:08:59,634","level":"INFO","message":"1 change detected"}
{"time":"2026-04-28 11:09:00,037","level":"INFO","message":"1 change detected"}
{"time":"2026-04-28 11:09:00,441","level":"INFO","message":"1 change detected"}
{"time":"2026-04-28 11:09:00,845","level":"INFO","message":"1 change detected"}
{"time":"2026-04-28 11:09:01,251","level":"INFO","message":"1 change detected"}
{"time":"2026-04-28 11:09:01,656","level":"INFO","message":"1 change detected"}
{"time":"2026-04-28 11:09:02,011","level":"INFO","message":"1 change detected"}
{"time":"2026-04-28 11:09:02,421","level":"INFO","message":"1 change detected"}
{"time":"2026-04-28 11:09:02,823","level":"INFO","message":"1 change detected"}
{"time":"2026-04-28 11:09:03,226","level":"INFO","message":"1 change detected"}
{"time":"2026-04-28 11:09:03,632","level":"INFO","message":"1 change detected"}
{"time":"2026-04-28 11:09:04,033","level":"INFO","message":"1 change detected"}
{"time":"2026-04-28 11:09:04,440","level":"INFO","message":"1 change detected"}
{"time":"2026-04-28 11:09:04,845","level":"INFO","message":"1 change detected"}
{"time":"2026-04-28 11:09:05,251","level":"INFO","message":"1 change detected"}
{"time":"2026-04-28 11:09:05,654","level":"INFO","message":"1 change detected"}
{"time":"2026-04-28 11:09:06,059","level":"INFO","message":"1 change detected"}
{"time":"2026-04-28 11:09:06,464","level":"INFO","message":"1 change detected"}
{"time":"2026-04-28 11:09:06,869","level":"INFO","message":"1 change detected"}
{"time":"2026-04-28 11:09:07,272","level":"INFO","message":"1 change detected"}
{"time":"2026-04-28 11:09:07,677","level":"INFO","message":"1 change detected"}
{"time":"2026-04-28 11:09:08,081","level":"INFO","message":"1 change detected"}
{"time":"2026-04-28 11:09:08,486","level":"INFO","message":"1 change detected"}
{"time":"2026-04-28 11:09:08,890","level":"INFO","message":"1 change detected"}
{"time":"2026-04-28 11:09:09,293","level":"INFO","message":"1 change detected"}
{"time":"2026-04-28 11:09:09,695","level":"INFO","message":"1 change detected"}
{"time":"2026-04-28 11:09:10,099","level":"INFO","message":"1 change detected"}
{"time":"2026-04-28 11:09:10,503","level":"INFO","message":"1 change detected"}
{"time":"2026-04-28 11:09:10,909","level":"INFO","message":"1 change detected"}
{"time":"2026-04-28 11:09:11,312","level":"INFO","message":"1 change detected"}
{"time":"2026-04-28 11:09:11,718","level":"INFO","message":"1 change detected"}
{"time":"2026-04-28 11:09:12,124","level":"INFO","message":"1 change detected"}
{"time":"2026-04-28 11:09:12,540","level":"INFO","message":"1 change detected"}
{"time":"2026-04-28 11:09:12,944","level":"INFO","message":"1 change detected"}
{"time":"2026-04-28 11:09:13,345","level":"INFO","message":"1 change detected"}
{"time":"2026-04-28 11:09:13,749","level":"INFO","message":"1 change detected"}
{"time":"2026-04-28 11:09:14,155","level":"INFO","message":"1 change detected"}
{"time":"2026-04-28 11:09:14,556","level":"INFO","message":"1 change detected"}
{"time":"2026-04-28 11:09:14,976","level":"INFO","message":"1 change detected"}
{"time":"2026-04-28 11:09:15,384","level":"INFO","message":"1 change detected"}
{"time":"2026-04-28 11:09:15,791","level":"INFO","message":"1 change detected"}
{"time":"2026-04-28 11:09:16,196","level":"INFO","message":"1 change detected"}
{"time":"2026-04-28 11:09:16,598","level":"INFO","message":"1 change detected"}
{"time":"2026-04-28 11:09:17,194","level":"INFO","message":"Stopping reloader process [9252]"}
{"time":"2026-04-28 11:09:41,940","level":"INFO","message":"API iniciando"}
{"time":"2026-04-28 11:09:41,983","level":"INFO","message":"Will watch for changes in these directories: ['E:\\Curso EBAC\\MainBackEnd']"}
{"time":"2026-04-28 11:09:41,985","level":"INFO","message":"Uvicorn running on http://127.0.0.1:8000 (Press CTRL+C to quit)"}
{"time":"2026-04-28 11:09:41,985","level":"INFO","message":"Started reloader process [5960] using WatchFiles"}
{"time":"2026-04-28 11:09:42,403","level":"INFO","message":"1 change detected"}
{"time":"2026-04-28 11:09:42,808","level":"INFO","message":"1 change detected"}
{"time":"2026-04-28 11:09:43,213","level":"INFO","message":"1 change detected"}
{"time":"2026-04-28 11:09:43,351","level":"INFO","message":"API iniciando"}
{"time":"2026-04-28 11:09:43,619","level":"INFO","message":"1 change detected"}
{"time":"2026-04-28 11:09:44,023","level":"INFO","message":"1 change detected"}
{"time":"2026-04-28 11:09:44,428","level":"INFO","message":"1 change detected"}
{"time":"2026-04-28 11:09:44,832","level":"INFO","message":"1 change detected"}
{"time":"2026-04-28 11:09:45,235","level":"INFO","message":"1 change detected"}
{"time":"2026-04-28 11:09:45,641","level":"INFO","message":"1 change detected"}
{"time":"2026-04-28 11:09:46,046","level":"INFO","message":"1 change detected"}
{"time":"2026-04-28 11:09:46,450","level":"INFO","message":"1 change detected"}
{"time":"2026-04-28 11:09:46,855","level":"INFO","message":"1 change detected"}
{"time":"2026-04-28 11:09:47,211","level":"INFO","message":"1 change detected"}
{"time":"2026-04-28 11:09:47,622","level":"INFO","message":"1 change detected"}
{"time":"2026-04-28 11:09:48,026","level":"INFO","message":"1 change detected"}
{"time":"2026-04-28 11:09:48,432","level":"INFO","message":"1 change detected"}
{"time":"2026-04-28 11:09:48,837","level":"INFO","message":"1 change detected"}
{"time":"2026-04-28 11:09:49,242","level":"INFO","message":"1 change detected"}
{"time":"2026-04-28 11:09:49,651","level":"INFO","message":"1 change detected"}
{"time":"2026-04-28 11:09:50,052","level":"INFO","message":"1 change detected"}
{"time":"2026-04-28 11:09:50,425","level":"INFO","message":"1 change detected"}
{"time":"2026-04-28 11:09:50,832","level":"INFO","message":"1 change detected"}
{"time":"2026-04-28 11:09:51,235","level":"INFO","message":"1 change detected"}
{"time":"2026-04-28 11:09:51,791","level":"INFO","message":"1 change detected"}
{"time":"2026-04-28 11:09:52,197","level":"INFO","message":"1 change detected"}
{"time":"2026-04-28 11:09:52,598","level":"INFO","message":"1 change detected"}
{"time":"2026-04-28 11:09:53,004","level":"INFO","message":"1 change detected"}
{"time":"2026-04-28 11:09:53,409","level":"INFO","message":"1 change detected"}
{"time":"2026-04-28 11:09:53,813","level":"INFO","message":"1 change detected"}
{"time":"2026-04-28 11:09:54,169","level":"INFO","message":"1 change detected"}
{"time":"2026-04-28 11:09:54,579","level":"INFO","message":"1 change detected"}
{"time":"2026-04-28 11:09:54,984","level":"INFO","message":"1 change detected"}
{"time":"2026-04-28 11:09:55,388","level":"INFO","message":"1 change detected"}
{"time":"2026-04-28 11:09:55,792","level":"INFO","message":"1 change detected"}
{"time":"2026-04-28 11:09:56,195","level":"INFO","message":"1 change detected"}
{"time":"2026-04-28 11:09:56,597","level":"INFO","message":"1 change detected"}
{"time":"2026-04-28 11:09:56,954","level":"INFO","message":"1 change detected"}
{"time":"2026-04-28 11:09:57,312","level":"INFO","message":"1 change detected"}
{"time":"2026-04-28 11:09:57,680","level":"INFO","message":"1 change detected"}
{"time":"2026-04-28 11:09:58,101","level":"INFO","message":"1 change detected"}
{"time":"2026-04-28 11:09:58,521","level":"INFO","message":"1 change detected"}
{"time":"2026-04-28 11:09:58,959","level":"INFO","message":"1 change detected"}
{"time":"2026-04-28 11:09:59,333","level":"INFO","message":"1 change detected"}
{"time":"2026-04-28 11:09:59,809","level":"INFO","message":"1 change detected"}
{"time":"2026-04-28 11:10:00,192","level":"INFO","message":"1 change detected"}
{"time":"2026-04-28 11:10:00,598","level":"INFO","message":"1 change detected"}
{"time":"2026-04-28 11:10:00,955","level":"INFO","message":"1 change detected"}
{"time":"2026-04-28 11:10:01,361","level":"INFO","message":"1 change detected"}
{"time":"2026-04-28 11:10:01,763","level":"INFO","message":"1 change detected"}
{"time":"2026-04-28 11:10:02,166","level":"INFO","message":"1 change detected"}
{"time":"2026-04-28 11:10:02,570","level":"INFO","message":"1 change detected"}
{"time":"2026-04-28 11:10:02,973","level":"INFO","message":"1 change detected"}
{"time":"2026-04-28 11:10:03,374","level":"INFO","message":"1 change detected"}
{"time":"2026-04-28 11:10:03,778","level":"INFO","message":"1 change detected"}
{"time":"2026-04-28 11:10:04,182","level":"INFO","message":"1 change detected"}
{"time":"2026-04-28 11:10:04,586","level":"INFO","message":"1 change detected"}
{"time":"2026-04-28 11:10:04,990","level":"INFO","message":"1 change detected"}
{"time":"2026-04-28 11:10:05,398","level":"INFO","message":"1 change detected"}
{"time":"2026-04-28 11:10:05,803","level":"INFO","message":"1 change detected"}
{"time":"2026-04-28 11:10:06,208","level":"INFO","message":"1 change detected"}
{"time":"2026-04-28 11:10:06,612","level":"INFO","message":"1 change detected"}
{"time":"2026-04-28 11:10:07,016","level":"INFO","message":"1 change detected"}
{"time":"2026-04-28 11:10:07,419","level":"INFO","message":"1 change detected"}
{"time":"2026-04-28 11:10:07,822","level":"INFO","message":"1 change detected"}
{"time":"2026-04-28 11:10:08,225","level":"INFO","message":"1 change detected"}
{"time":"2026-04-28 11:10:08,630","level":"INFO","message":"1 change detected"}
{"time":"2026-04-28 11:10:09,035","level":"INFO","message":"1 change detected"}
{"time":"2026-04-28 11:10:09,438","level":"INFO","message":"1 change detected"}
{"time":"2026-04-28 11:10:09,842","level":"INFO","message":"1 change detected"}
{"time":"2026-04-28 11:10:10,246","level":"INFO","message":"1 change detected"}
{"time":"2026-04-28 11:10:10,650","level":"INFO","message":"1 change detected"}
{"time":"2026-04-28 11:10:11,055","level":"INFO","message":"1 change detected"}
{"time":"2026-04-28 11:10:11,459","level":"INFO","message":"1 change detected"}
{"time":"2026-04-28 11:10:11,862","level":"INFO","message":"1 change detected"}
{"time":"2026-04-28 11:10:12,267","level":"INFO","message":"1 change detected"}
{"time":"2026-04-28 11:10:12,671","level":"INFO","message":"1 change detected"}
{"time":"2026-04-28 11:10:13,073","level":"INFO","message":"1 change detected"}
{"time":"2026-04-28 11:10:13,478","level":"INFO","message":"1 change detected"}
{"time":"2026-04-28 11:10:13,883","level":"INFO","message":"1 change detected"}
{"time":"2026-04-28 11:10:14,285","level":"INFO","message":"1 change detected"}
{"time":"2026-04-28 11:10:14,694","level":"INFO","message":"1 change detected"}
{"time":"2026-04-28 11:10:15,103","level":"INFO","message":"1 change detected"}
{"time":"2026-04-28 11:10:15,509","level":"INFO","message":"1 change detected"}
{"time":"2026-04-28 11:10:15,915","level":"INFO","message":"1 change detected"}
{"time":"2026-04-28 11:10:16,272","level":"INFO","message":"1 change detected"}
{"time":"2026-04-28 11:10:16,686","level":"INFO","message":"1 change detected"}
{"time":"2026-04-28 11:10:17,092","level":"INFO","message":"1 change detected"}
{"time":"2026-04-28 11:10:17,500","level":"INFO","message":"1 change detected"}
{"time":"2026-04-28 11:10:17,857","level":"INFO","message":"1 change detected"}
{"time":"2026-04-28 11:10:18,270","level":"INFO","message":"1 change detected"}
{"time":"2026-04-28 11:10:18,678","level":"INFO","message":"1 change detected"}
{"time":"2026-04-28 11:10:19,081","level":"INFO","message":"1 change detected"}
{"time":"2026-04-28 11:10:19,485","level":"INFO","message":"1 change detected"}
{"time":"2026-04-28 11:10:19,890","level":"INFO","message":"1 change detected"}
{"time":"2026-04-28 11:10:20,297","level":"INFO","message":"1 change detected"}
{"time":"2026-04-28 11:10:20,701","level":"INFO","message":"1 change detected"}
{"time":"2026-04-28 11:10:21,104","level":"INFO","message":"1 change detected"}
{"time":"2026-04-28 11:10:21,509","level":"INFO","message":"1 change detected"}
{"time":"2026-04-28 11:10:21,913","level":"INFO","message":"1 change detected"}
{"time":"2026-04-28 11:10:22,318","level":"INFO","message":"1 change detected"}
{"time":"2026-04-28 11:10:22,722","level":"INFO","message":"1 change detected"}
{"time":"2026-04-28 11:10:23,127","level":"INFO","message":"1 change detected"}
{"time":"2026-04-28 11:10:23,532","level":"INFO","message":"1 change detected"}
{"time":"2026-04-28 11:10:23,936","level":"INFO","message":"1 change detected"}
{"time":"2026-04-28 11:10:24,340","level":"INFO","message":"1 change detected"}
{"time":"2026-04-28 11:10:24,746","level":"INFO","message":"1 change detected"}
{"time":"2026-04-28 11:10:25,152","level":"INFO","message":"1 change detected"}
{"time":"2026-04-28 11:10:25,507","level":"INFO","message":"1 change detected"}
{"time":"2026-04-28 11:10:25,916","level":"INFO","message":"1 change detected"}
{"time":"2026-04-28 11:10:26,320","level":"INFO","message":"1 change detected"}
{"time":"2026-04-28 11:10:26,726","level":"INFO","message":"1 change detected"}
{"time":"2026-04-28 11:10:27,133","level":"INFO","message":"1 change detected"}
{"time":"2026-04-28 11:10:27,537","level":"INFO","message":"1 change detected"}
{"time":"2026-04-28 11:10:27,940","level":"INFO","message":"1 change detected"}
{"time":"2026-04-28 11:10:28,343","level":"INFO","message":"1 change detected"}
{"time":"2026-04-28 11:10:28,747","level":"INFO","message":"1 change detected"}
{"time":"2026-04-28 11:10:29,150","level":"INFO","message":"1 change detected"}
{"time":"2026-04-28 11:10:29,554","level":"INFO","message":"1 change detected"}
{"time":"2026-04-28 11:10:29,959","level":"INFO","message":"1 change detected"}
{"time":"2026-04-28 11:10:30,362","level":"INFO","message":"1 change detected"}
{"time":"2026-04-28 11:10:30,766","level":"INFO","message":"1 change detected"}
{"time":"2026-04-28 11:10:31,173","level":"INFO","message":"1 change detected"}
{"time":"2026-04-28 11:10:31,590","level":"INFO","message":"1 change detected"}
{"time":"2026-04-28 11:10:31,997","level":"INFO","message":"1 change detected"}
{"time":"2026-04-28 11:10:32,401","level":"INFO","message":"1 change detected"}
{"time":"2026-04-28 11:10:32,804","level":"INFO","message":"1 change detected"}
{"time":"2026-04-28 11:10:33,208","level":"INFO","message":"1 change detected"}
{"time":"2026-04-28 11:10:33,612","level":"INFO","message":"1 change detected"}
{"time":"2026-04-28 11:10:34,014","level":"INFO","message":"1 change detected"}
{"time":"2026-04-28 11:10:34,417","level":"INFO","message":"1 change detected"}
{"time":"2026-04-28 11:10:34,822","level":"INFO","message":"1 change detected"}
{"time":"2026-04-28 11:10:35,226","level":"INFO","message":"1 change detected"}
{"time":"2026-04-28 11:10:35,631","level":"INFO","message":"1 change detected"}
{"time":"2026-04-28 11:10:36,037","level":"INFO","message":"1 change detected"}
{"time":"2026-04-28 11:10:36,440","level":"INFO","message":"1 change detected"}
{"time":"2026-04-28 11:10:36,845","level":"INFO","message":"1 change detected"}
{"time":"2026-04-28 11:10:37,251","level":"INFO","message":"1 change detected"}
{"time":"2026-04-28 11:10:37,655","level":"INFO","message":"1 change detected"}
{"time":"2026-04-28 11:10:38,019","level":"INFO","message":"1 change detected"}
{"time":"2026-04-28 11:10:38,460","level":"INFO","message":"1 change detected"}
{"time":"2026-04-28 11:10:38,867","level":"INFO","message":"1 change detected"}
{"time":"2026-04-28 11:10:39,271","level":"INFO","message":"1 change detected"}
{"time":"2026-04-28 11:10:39,676","level":"INFO","message":"1 change detected"}
{"time":"2026-04-28 11:10:40,079","level":"INFO","message":"1 change detected"}
{"time":"2026-04-28 11:10:40,482","level":"INFO","message":"1 change detected"}
{"time":"2026-04-28 11:10:40,887","level":"INFO","message":"1 change detected"}
{"time":"2026-04-28 11:10:41,292","level":"INFO","message":"1 change detected"}
{"time":"2026-04-28 11:10:41,695","level":"INFO","message":"1 change detected"}
{"time":"2026-04-28 11:10:42,097","level":"INFO","message":"1 change detected"}
{"time":"2026-04-28 11:10:42,502","level":"INFO","message":"1 change detected"}
{"time":"2026-04-28 11:10:42,905","level":"INFO","message":"1 change detected"}
{"time":"2026-04-28 11:10:43,311","level":"INFO","message":"1 change detected"}
{"time":"2026-04-28 11:10:43,717","level":"INFO","message":"1 change detected"}
{"time":"2026-04-28 11:10:44,120","level":"INFO","message":"1 change detected"}
{"time":"2026-04-28 11:10:44,524","level":"INFO","message":"1 change detected"}
{"time":"2026-04-28 11:10:44,933","level":"INFO","message":"1 change detected"}
{"time":"2026-04-28 11:10:45,337","level":"INFO","message":"1 change detected"}
{"time":"2026-04-28 11:10:45,742","level":"INFO","message":"1 change detected"}
{"time":"2026-04-28 11:10:46,146","level":"INFO","message":"1 change detected"}
{"time":"2026-04-28 11:10:46,549","level":"INFO","message":"1 change detected"}
{"time":"2026-04-28 11:10:46,965","level":"INFO","message":"1 change detected"}
{"time":"2026-04-28 11:10:47,380","level":"INFO","message":"1 change detected"}
{"time":"2026-04-28 11:10:47,740","level":"INFO","message":"1 change detected"}
{"time":"2026-04-28 11:10:48,146","level":"INFO","message":"1 change detected"}
{"time":"2026-04-28 11:10:48,551","level":"INFO","message":"1 change detected"}
{"time":"2026-04-28 11:10:48,953","level":"INFO","message":"1 change detected"}
{"time":"2026-04-28 11:10:49,370","level":"INFO","message":"1 change detected"}
{"time":"2026-04-28 11:10:49,776","level":"INFO","message":"1 change detected"}
{"time":"2026-04-28 11:10:50,181","level":"INFO","message":"1 change detected"}
{"time":"2026-04-28 11:10:50,586","level":"INFO","message":"1 change detected"}
{"time":"2026-04-28 11:10:50,992","level":"INFO","message":"1 change detected"}
{"time":"2026-04-28 11:10:51,395","level":"INFO","message":"1 change detected"}
{"time":"2026-04-28 11:10:51,800","level":"INFO","message":"1 change detected"}
{"time":"2026-04-28 11:10:52,202","level":"INFO","message":"1 change detected"}
{"time":"2026-04-28 11:10:52,607","level":"INFO","message":"1 change detected"}
{"time":"2026-04-28 11:10:53,022","level":"INFO","message":"1 change detected"}
{"time":"2026-04-28 11:10:53,425","level":"INFO","message":"1 change detected"}
{"time":"2026-04-28 11:10:53,827","level":"INFO","message":"1 change detected"}
{"time":"2026-04-28 11:10:54,230","level":"INFO","message":"1 change detected"}
{"time":"2026-04-28 11:10:54,633","level":"INFO","message":"1 change detected"}
{"time":"2026-04-28 11:10:55,038","level":"INFO","message":"1 change detected"}
{"time":"2026-04-28 11:10:55,441","level":"INFO","message":"1 change detected"}
{"time":"2026-04-28 11:10:55,807","level":"INFO","message":"1 change detected"}
{"time":"2026-04-28 11:10:56,212","level":"INFO","message":"1 change detected"}
{"time":"2026-04-28 11:10:56,619","level":"INFO","message":"1 change detected"}
{"time":"2026-04-28 11:10:57,022","level":"INFO","message":"1 change detected"}
{"time":"2026-04-28 11:10:57,425","level":"INFO","message":"1 change detected"}
{"time":"2026-04-28 11:10:57,828","level":"INFO","message":"1 change detected"}
{"time":"2026-04-28 11:10:58,234","level":"INFO","message":"1 change detected"}
{"time":"2026-04-28 11:10:58,637","level":"INFO","message":"1 change detected"}
{"time":"2026-04-28 11:10:59,039","level":"INFO","message":"1 change detected"}
{"time":"2026-04-28 11:10:59,443","level":"INFO","message":"1 change detected"}
{"time":"2026-04-28 11:10:59,848","level":"INFO","message":"1 change detected"}
{"time":"2026-04-28 11:11:00,251","level":"INFO","message":"1 change detected"}
{"time":"2026-04-28 11:11:00,667","level":"INFO","message":"1 change detected"}
{"time":"2026-04-28 11:11:01,069","level":"INFO","message":"1 change detected"}
{"time":"2026-04-28 11:11:01,474","level":"INFO","message":"1 change detected"}
{"time":"2026-04-28 11:11:01,878","level":"INFO","message":"1 change detected"}
{"time":"2026-04-28 11:11:02,283","level":"INFO","message":"1 change detected"}
{"time":"2026-04-28 11:11:02,686","level":"INFO","message":"1 change detected"}
{"time":"2026-04-28 11:11:03,102","level":"INFO","message":"1 change detected"}
{"time":"2026-04-28 11:11:03,503","level":"INFO","message":"1 change detected"}
{"time":"2026-04-28 11:11:03,908","level":"INFO","message":"1 change detected"}
{"time":"2026-04-28 11:11:04,312","level":"INFO","message":"1 change detected"}
{"time":"2026-04-28 11:11:04,714","level":"INFO","message":"1 change detected"}
{"time":"2026-04-28 11:11:05,118","level":"INFO","message":"1 change detected"}
{"time":"2026-04-28 11:11:05,523","level":"INFO","message":"1 change detected"}
{"time":"2026-04-28 11:11:05,925","level":"INFO","message":"1 change detected"}
{"time":"2026-04-28 11:11:06,328","level":"INFO","message":"1 change detected"}
{"time":"2026-04-28 11:11:06,734","level":"INFO","message":"1 change detected"}
{"time":"2026-04-28 11:11:07,139","level":"INFO","message":"1 change detected"}
{"time":"2026-04-28 11:11:07,541","level":"INFO","message":"1 change detected"}
{"time":"2026-04-28 11:11:07,946","level":"INFO","message":"1 change detected"}
{"time":"2026-04-28 11:11:08,352","level":"INFO","message":"1 change detected"}
{"time":"2026-04-28 11:11:08,758","level":"INFO","message":"1 change detected"}
{"time":"2026-04-28 11:11:09,161","level":"INFO","message":"1 change detected"}
{"time":"2026-04-28 11:11:09,566","level":"INFO","message":"1 change detected"}
{"time":"2026-04-28 11:11:09,974","level":"INFO","message":"1 change detected"}
{"time":"2026-04-28 11:11:10,376","level":"INFO","message":"1 change detected"}
{"time":"2026-04-28 11:11:10,781","level":"INFO","message":"1 change detected"}
{"time":"2026-04-28 11:11:11,186","level":"INFO","message":"1 change detected"}
{"time":"2026-04-28 11:11:11,630","level":"INFO","message":"1 change detected"}
{"time":"2026-04-28 11:11:11,992","level":"INFO","message":"1 change detected"}
{"time":"2026-04-28 11:11:12,402","level":"INFO","message":"1 change detected"}
{"time":"2026-04-28 11:11:12,807","level":"INFO","message":"1 change detected"}
{"time":"2026-04-28 11:11:13,213","level":"INFO","message":"1 change detected"}
{"time":"2026-04-28 11:11:13,616","level":"INFO","message":"1 change detected"}
{"time":"2026-04-28 11:11:14,023","level":"INFO","message":"1 change detected"}
{"time":"2026-04-28 11:11:14,430","level":"INFO","message":"1 change detected"}
{"time":"2026-04-28 11:11:14,834","level":"INFO","message":"1 change detected"}
{"time":"2026-04-28 11:11:15,240","level":"INFO","message":"1 change detected"}
{"time":"2026-04-28 11:11:15,646","level":"INFO","message":"1 change detected"}
{"time":"2026-04-28 11:11:16,050","level":"INFO","message":"1 change detected"}
{"time":"2026-04-28 11:11:16,458","level":"INFO","message":"1 change detected"}
{"time":"2026-04-28 11:11:16,862","level":"INFO","message":"1 change detected"}
{"time":"2026-04-28 11:11:17,269","level":"INFO","message":"1 change detected"}
{"time":"2026-04-28 11:11:17,671","level":"INFO","message":"1 change detected"}
{"time":"2026-04-28 11:11:18,077","level":"INFO","message":"1 change detected"}
{"time":"2026-04-28 11:11:18,483","level":"INFO","message":"1 change detected"}
{"time":"2026-04-28 11:11:18,884","level":"INFO","message":"1 change detected"}
{"time":"2026-04-28 11:11:19,293","level":"INFO","message":"1 change detected"}
{"time":"2026-04-28 11:11:19,698","level":"INFO","message":"1 change detected"}
{"time":"2026-04-28 11:11:20,104","level":"INFO","message":"1 change detected"}
{"time":"2026-04-28 11:11:20,509","level":"INFO","message":"1 change detected"}
{"time":"2026-04-28 11:11:20,866","level":"INFO","message":"1 change detected"}
{"time":"2026-04-28 11:11:21,278","level":"INFO","message":"1 change detected"}
{"time":"2026-04-28 11:11:21,687","level":"INFO","message":"1 change detected"}
{"time":"2026-04-28 11:11:22,091","level":"INFO","message":"1 change detected"}
{"time":"2026-04-28 11:11:22,495","level":"INFO","message":"1 change detected"}
{"time":"2026-04-28 11:11:22,903","level":"INFO","message":"1 change detected"}
{"time":"2026-04-28 11:11:23,305","level":"INFO","message":"1 change detected"}
{"time":"2026-04-28 11:11:23,706","level":"INFO","message":"1 change detected"}
{"time":"2026-04-28 11:11:24,111","level":"INFO","message":"1 change detected"}
{"time":"2026-04-28 11:11:24,512","level":"INFO","message":"1 change detected"}
{"time":"2026-04-28 11:11:24,878","level":"INFO","message":"1 change detected"}
{"time":"2026-04-28 11:11:25,285","level":"INFO","message":"1 change detected"}
{"time":"2026-04-28 11:11:25,689","level":"INFO","message":"1 change detected"}
{"time":"2026-04-28 11:11:26,092","level":"INFO","message":"1 change detected"}
{"time":"2026-04-28 11:11:26,494","level":"INFO","message":"1 change detected"}
{"time":"2026-04-28 11:11:26,901","level":"INFO","message":"1 change detected"}
{"time":"2026-04-28 11:11:27,306","level":"INFO","message":"1 change detected"}
{"time":"2026-04-28 11:11:27,713","level":"INFO","message":"1 change detected"}
{"time":"2026-04-28 11:11:28,121","level":"INFO","message":"1 change detected"}
{"time":"2026-04-28 11:11:28,525","level":"INFO","message":"1 change detected"}
{"time":"2026-04-28 11:11:28,941","level":"INFO","message":"1 change detected"}
{"time":"2026-04-28 11:11:29,346","level":"INFO","message":"1 change detected"}
{"time":"2026-04-28 11:11:29,753","level":"INFO","message":"1 change detected"}
{"time":"2026-04-28 11:11:30,155","level":"INFO","message":"1 change detected"}
{"time":"2026-04-28 11:11:30,557","level":"INFO","message":"1 change detected"}
{"time":"2026-04-28 11:11:30,958","level":"INFO","message":"1 change detected"}
{"time":"2026-04-28 11:11:31,364","level":"INFO","message":"1 change detected"}
{"time":"2026-04-28 11:11:31,768","level":"INFO","message":"1 change detected"}
{"time":"2026-04-28 11:11:32,171","level":"INFO","message":"1 change detected"}
{"time":"2026-04-28 11:11:32,575","level":"INFO","message":"1 change detected"}
{"time":"2026-04-28 11:11:32,979","level":"INFO","message":"1 change detected"}
{"time":"2026-04-28 11:11:33,385","level":"INFO","message":"1 change detected"}
{"time":"2026-04-28 11:11:33,790","level":"INFO","message":"1 change detected"}
{"time":"2026-04-28 11:11:34,195","level":"INFO","message":"1 change detected"}
{"time":"2026-04-28 11:11:34,603","level":"INFO","message":"1 change detected"}
{"time":"2026-04-28 11:11:35,007","level":"INFO","message":"1 change detected"}
{"time":"2026-04-28 11:11:35,414","level":"INFO","message":"1 change detected"}
{"time":"2026-04-28 11:11:35,819","level":"INFO","message":"1 change detected"}
{"time":"2026-04-28 11:11:36,224","level":"INFO","message":"1 change detected"}
{"time":"2026-04-28 11:11:36,628","level":"INFO","message":"1 change detected"}
{"time":"2026-04-28 11:11:37,034","level":"INFO","message":"1 change detected"}
{"time":"2026-04-28 11:11:37,439","level":"INFO","message":"1 change detected"}
{"time":"2026-04-28 11:11:37,842","level":"INFO","message":"1 change detected"}
{"time":"2026-04-28 11:11:38,247","level":"INFO","message":"1 change detected"}
{"time":"2026-04-28 11:11:38,649","level":"INFO","message":"1 change detected"}
{"time":"2026-04-28 11:11:39,052","level":"INFO","message":"1 change detected"}
{"time":"2026-04-28 11:11:39,458","level":"INFO","message":"1 change detected"}
{"time":"2026-04-28 11:11:39,863","level":"INFO","message":"1 change detected"}
{"time":"2026-04-28 11:11:40,268","level":"INFO","message":"1 change detected"}
{"time":"2026-04-28 11:11:40,671","level":"INFO","message":"1 change detected"}
{"time":"2026-04-28 11:11:41,076","level":"INFO","message":"1 change detected"}
{"time":"2026-04-28 11:11:41,481","level":"INFO","message":"1 change detected"}
{"time":"2026-04-28 11:11:41,885","level":"INFO","message":"1 change detected"}
{"time":"2026-04-28 11:11:42,289","level":"INFO","message":"1 change detected"}
{"time":"2026-04-28 11:11:42,695","level":"INFO","message":"1 change detected"}
{"time":"2026-04-28 11:11:43,099","level":"INFO","message":"1 change detected"}
{"time":"2026-04-28 11:11:43,502","level":"INFO","message":"1 change detected"}
{"time":"2026-04-28 11:11:43,908","level":"INFO","message":"1 change detected"}
{"time":"2026-04-28 11:11:44,311","level":"INFO","message":"1 change detected"}
{"time":"2026-04-28 11:11:44,718","level":"INFO","message":"1 change detected"}
{"time":"2026-04-28 11:11:45,122","level":"INFO","message":"1 change detected"}
{"time":"2026-04-28 11:11:45,527","level":"INFO","message":"1 change detected"}
{"time":"2026-04-28 11:11:45,931","level":"INFO","message":"1 change detected"}
{"time":"2026-04-28 11:11:46,334","level":"INFO","message":"1 change detected"}
{"time":"2026-04-28 11:11:46,737","level":"INFO","message":"1 change detected"}
{"time":"2026-04-28 11:11:47,092","level":"INFO","message":"1 change detected"}
{"time":"2026-04-28 11:11:47,501","level":"INFO","message":"1 change detected"}
{"time":"2026-04-28 11:11:47,905","level":"INFO","message":"1 change detected"}
{"time":"2026-04-28 11:11:48,307","level":"INFO","message":"1 change detected"}
{"time":"2026-04-28 11:11:48,710","level":"INFO","message":"1 change detected"}
{"time":"2026-04-28 11:11:49,114","level":"INFO","message":"1 change detected"}
{"time":"2026-04-28 11:11:49,518","level":"INFO","message":"1 change detected"}
{"time":"2026-04-28 11:11:49,925","level":"INFO","message":"1 change detected"}
{"time":"2026-04-28 11:11:50,330","level":"INFO","message":"1 change detected"}
{"time":"2026-04-28 11:11:50,732","level":"INFO","message":"1 change detected"}
{"time":"2026-04-28 11:11:51,133","level":"INFO","message":"1 change detected"}
{"time":"2026-04-28 11:11:51,537","level":"INFO","message":"1 change detected"}
{"time":"2026-04-28 11:11:51,942","level":"INFO","message":"1 change detected"}
{"time":"2026-04-28 11:11:52,345","level":"INFO","message":"1 change detected"}
{"time":"2026-04-28 11:11:52,750","level":"INFO","message":"1 change detected"}
{"time":"2026-04-28 11:11:53,153","level":"INFO","message":"1 change detected"}
{"time":"2026-04-28 11:11:53,558","level":"INFO","message":"1 change detected"}
{"time":"2026-04-28 11:11:53,961","level":"INFO","message":"1 change detected"}
{"time":"2026-04-28 11:11:54,366","level":"INFO","message":"1 change detected"}
{"time":"2026-04-28 11:11:54,770","level":"INFO","message":"1 change detected"}
{"time":"2026-04-28 11:11:55,177","level":"INFO","message":"1 change detected"}
{"time":"2026-04-28 11:11:55,584","level":"INFO","message":"1 change detected"}
{"time":"2026-04-28 11:11:55,989","level":"INFO","message":"1 change detected"}
{"time":"2026-04-28 11:11:56,395","level":"INFO","message":"1 change detected"}
{"time":"2026-04-28 11:11:56,802","level":"INFO","message":"1 change detected"}
{"time":"2026-04-28 11:11:57,206","level":"INFO","message":"1 change detected"}
{"time":"2026-04-28 11:11:57,613","level":"INFO","message":"1 change detected"}
{"time":"2026-04-28 11:11:58,029","level":"INFO","message":"1 change detected"}
{"time":"2026-04-28 11:11:58,393","level":"INFO","message":"1 change detected"}
{"time":"2026-04-28 11:11:58,800","level":"INFO","message":"1 change detected"}
{"time":"2026-04-28 11:11:59,204","level":"INFO","message":"1 change detected"}
{"time":"2026-04-28 11:11:59,607","level":"INFO","message":"1 change detected"}
{"time":"2026-04-28 11:12:00,015","level":"INFO","message":"1 change detected"}
{"time":"2026-04-28 11:12:00,419","level":"INFO","message":"1 change detected"}
{"time":"2026-04-28 11:12:00,822","level":"INFO","message":"1 change detected"}
{"time":"2026-04-28 11:12:01,228","level":"INFO","message":"1 change detected"}
{"time":"2026-04-28 11:12:01,632","level":"INFO","message":"1 change detected"}
{"time":"2026-04-28 11:12:02,035","level":"INFO","message":"1 change detected"}
{"time":"2026-04-28 11:12:02,438","level":"INFO","message":"1 change detected"}
{"time":"2026-04-28 11:12:02,846","level":"INFO","message":"1 change detected"}
{"time":"2026-04-28 11:12:03,248","level":"INFO","message":"1 change detected"}
{"time":"2026-04-28 11:12:03,655","level":"INFO","message":"1 change detected"}
{"time":"2026-04-28 11:12:04,058","level":"INFO","message":"1 change detected"}
{"time":"2026-04-28 11:12:04,467","level":"INFO","message":"1 change detected"}
{"time":"2026-04-28 11:12:04,872","level":"INFO","message":"1 change detected"}
{"time":"2026-04-28 11:12:05,276","level":"INFO","message":"1 change detected"}
{"time":"2026-04-28 11:12:05,635","level":"INFO","message":"1 change detected"}
{"time":"2026-04-28 11:12:06,043","level":"INFO","message":"1 change detected"}
{"time":"2026-04-28 11:12:06,447","level":"INFO","message":"1 change detected"}
{"time":"2026-04-28 11:12:06,855","level":"INFO","message":"1 change detected"}
{"time":"2026-04-28 11:12:07,261","level":"INFO","message":"1 change detected"}
{"time":"2026-04-28 11:12:07,666","level":"INFO","message":"1 change detected"}
{"time":"2026-04-28 11:12:08,071","level":"INFO","message":"1 change detected"}
{"time":"2026-04-28 11:12:08,476","level":"INFO","message":"1 change detected"}
{"time":"2026-04-28 11:12:08,878","level":"INFO","message":"1 change detected"}
{"time":"2026-04-28 11:12:09,283","level":"INFO","message":"1 change detected"}
{"time":"2026-04-28 11:12:09,688","level":"INFO","message":"1 change detected"}
{"time":"2026-04-28 11:12:10,092","level":"INFO","message":"1 change detected"}
{"time":"2026-04-28 11:12:10,494","level":"INFO","message":"1 change detected"}
{"time":"2026-04-28 11:12:10,899","level":"INFO","message":"1 change detected"}
{"time":"2026-04-28 11:12:11,305","level":"INFO","message":"1 change detected"}
{"time":"2026-04-28 11:12:11,711","level":"INFO","message":"1 change detected"}
{"time":"2026-04-28 11:12:12,117","level":"INFO","message":"1 change detected"}
{"time":"2026-04-28 11:12:12,534","level":"INFO","message":"1 change detected"}
{"time":"2026-04-28 11:12:12,937","level":"INFO","message":"1 change detected"}
{"time":"2026-04-28 11:12:13,344","level":"INFO","message":"1 change detected"}
{"time":"2026-04-28 11:12:13,751","level":"INFO","message":"1 change detected"}
{"time":"2026-04-28 11:12:14,157","level":"INFO","message":"1 change detected"}
{"time":"2026-04-28 11:12:14,560","level":"INFO","message":"1 change detected"}
{"time":"2026-04-28 11:12:14,967","level":"INFO","message":"1 change detected"}
{"time":"2026-04-28 11:12:15,383","level":"INFO","message":"1 change detected"}
{"time":"2026-04-28 11:12:15,787","level":"INFO","message":"1 change detected"}
{"time":"2026-04-28 11:12:16,191","level":"INFO","message":"1 change detected"}
{"time":"2026-04-28 11:12:16,595","level":"INFO","message":"1 change detected"}
{"time":"2026-04-28 11:12:16,998","level":"INFO","message":"1 change detected"}
{"time":"2026-04-28 11:12:17,401","level":"INFO","message":"1 change detected"}
{"time":"2026-04-28 11:12:17,767","level":"INFO","message":"1 change detected"}
{"time":"2026-04-28 11:12:18,181","level":"INFO","message":"1 change detected"}
{"time":"2026-04-28 11:12:18,583","level":"INFO","message":"1 change detected"}
{"time":"2026-04-28 11:12:18,988","level":"INFO","message":"1 change detected"}
{"time":"2026-04-28 11:12:19,394","level":"INFO","message":"1 change detected"}
{"time":"2026-04-28 11:12:19,799","level":"INFO","message":"1 change detected"}
{"time":"2026-04-28 11:12:20,201","level":"INFO","message":"1 change detected"}
{"time":"2026-04-28 11:12:20,608","level":"INFO","message":"1 change detected"}
{"time":"2026-04-28 11:12:21,011","level":"INFO","message":"1 change detected"}
{"time":"2026-04-28 11:12:21,418","level":"INFO","message":"1 change detected"}
{"time":"2026-04-28 11:12:21,824","level":"INFO","message":"1 change detected"}
{"time":"2026-04-28 11:12:22,229","level":"INFO","message":"1 change detected"}
{"time":"2026-04-28 11:12:22,632","level":"INFO","message":"1 change detected"}
{"time":"2026-04-28 11:12:23,036","level":"INFO","message":"1 change detected"}
{"time":"2026-04-28 11:12:23,441","level":"INFO","message":"1 change detected"}
{"time":"2026-04-28 11:12:23,846","level":"INFO","message":"1 change detected"}
{"time":"2026-04-28 11:12:24,293","level":"INFO","message":"1 change detected"}
{"time":"2026-04-28 11:12:24,652","level":"INFO","message":"1 change detected"}
{"time":"2026-04-28 11:12:25,063","level":"INFO","message":"1 change detected"}
{"time":"2026-04-28 11:12:25,468","level":"INFO","message":"1 change detected"}
{"time":"2026-04-28 11:12:25,874","level":"INFO","message":"1 change detected"}
{"time":"2026-04-28 11:12:26,281","level":"INFO","message":"1 change detected"}
{"time":"2026-04-28 11:12:26,685","level":"INFO","message":"1 change detected"}
{"time":"2026-04-28 11:12:27,090","level":"INFO","message":"1 change detected"}
{"time":"2026-04-28 11:12:27,495","level":"INFO","message":"1 change detected"}
{"time":"2026-04-28 11:12:27,897","level":"INFO","message":"1 change detected"}
{"time":"2026-04-28 11:12:28,304","level":"INFO","message":"1 change detected"}
{"time":"2026-04-28 11:12:28,708","level":"INFO","message":"1 change detected"}
{"time":"2026-04-28 11:12:29,113","level":"INFO","message":"1 change detected"}
{"time":"2026-04-28 11:12:29,515","level":"INFO","message":"1 change detected"}
{"time":"2026-04-28 11:12:29,921","level":"INFO","message":"1 change detected"}
{"time":"2026-04-28 11:12:30,326","level":"INFO","message":"1 change detected"}
{"time":"2026-04-28 11:12:30,731","level":"INFO","message":"1 change detected"}
{"time":"2026-04-28 11:12:31,088","level":"INFO","message":"1 change detected"}
{"time":"2026-04-28 11:12:31,605","level":"INFO","message":"1 change detected"}
{"time":"2026-04-28 11:12:31,968","level":"INFO","message":"1 change detected"}
{"time":"2026-04-28 11:12:32,378","level":"INFO","message":"1 change detected"}
{"time":"2026-04-28 11:12:32,783","level":"INFO","message":"1 change detected"}
{"time":"2026-04-28 11:12:33,244","level":"INFO","message":"1 change detected"}
{"time":"2026-04-28 11:12:33,647","level":"INFO","message":"1 change detected"}
{"time":"2026-04-28 11:12:34,053","level":"INFO","message":"1 change detected"}
{"time":"2026-04-28 11:12:34,465","level":"INFO","message":"1 change detected"}
{"time":"2026-04-28 11:12:34,873","level":"INFO","message":"1 change detected"}
{"time":"2026-04-28 11:12:35,276","level":"INFO","message":"1 change detected"}
{"time":"2026-04-28 11:12:35,685","level":"INFO","message":"1 change detected"}
{"time":"2026-04-28 11:12:36,089","level":"INFO","message":"1 change detected"}
{"time":"2026-04-28 11:12:36,446","level":"INFO","message":"1 change detected"}
{"time":"2026-04-28 11:12:36,853","level":"INFO","message":"1 change detected"}
{"time":"2026-04-28 11:12:37,257","level":"INFO","message":"1 change detected"}
{"time":"2026-04-28 11:12:37,662","level":"INFO","message":"1 change detected"}
{"time":"2026-04-28 11:12:38,067","level":"INFO","message":"1 change detected"}
{"time":"2026-04-28 11:12:38,474","level":"INFO","message":"1 change detected"}
{"time":"2026-04-28 11:12:38,884","level":"INFO","message":"1 change detected"}
{"time":"2026-04-28 11:12:39,287","level":"INFO","message":"1 change detected"}
{"time":"2026-04-28 11:12:39,692","level":"INFO","message":"1 change detected"}
{"time":"2026-04-28 11:12:40,096","level":"INFO","message":"1 change detected"}
{"time":"2026-04-28 11:12:40,497","level":"INFO","message":"1 change detected"}
{"time":"2026-04-28 11:12:40,902","level":"INFO","message":"1 change detected"}
{"time":"2026-04-28 11:12:41,307","level":"INFO","message":"1 change detected"}
{"time":"2026-04-28 11:12:41,712","level":"INFO","message":"1 change detected"}
{"time":"2026-04-28 11:12:42,070","level":"INFO","message":"1 change detected"}
{"time":"2026-04-28 11:12:42,476","level":"INFO","message":"1 change detected"}
{"time":"2026-04-28 11:12:42,882","level":"INFO","message":"1 change detected"}
{"time":"2026-04-28 11:12:43,291","level":"INFO","message":"1 change detected"}
{"time":"2026-04-28 11:12:43,698","level":"INFO","message":"1 change detected"}
{"time":"2026-04-28 11:12:44,105","level":"INFO","message":"1 change detected"}
{"time":"2026-04-28 11:12:44,511","level":"INFO","message":"1 change detected"}
{"time":"2026-04-28 11:12:44,867","level":"INFO","message":"1 change detected"}
{"time":"2026-04-28 11:12:45,277","level":"INFO","message":"1 change detected"}
{"time":"2026-04-28 11:12:45,682","level":"INFO","message":"1 change detected"}
{"time":"2026-04-28 11:12:46,087","level":"INFO","message":"1 change detected"}
{"time":"2026-04-28 11:12:46,491","level":"INFO","message":"1 change detected"}
{"time":"2026-04-28 11:12:46,895","level":"INFO","message":"1 change detected"}
{"time":"2026-04-28 11:12:47,300","level":"INFO","message":"1 change detected"}
{"time":"2026-04-28 11:12:47,709","level":"INFO","message":"1 change detected"}
{"time":"2026-04-28 11:12:48,114","level":"INFO","message":"1 change detected"}
{"time":"2026-04-28 11:12:48,521","level":"INFO","message":"1 change detected"}
{"time":"2026-04-28 11:12:48,930","level":"INFO","message":"1 change detected"}
{"time":"2026-04-28 11:12:49,335","level":"INFO","message":"1 change detected"}
{"time":"2026-04-28 11:12:49,742","level":"INFO","message":"1 change detected"}
{"time":"2026-04-28 11:12:50,149","level":"INFO","message":"1 change detected"}
{"time":"2026-04-28 11:12:50,503","level":"INFO","message":"1 change detected"}
{"time":"2026-04-28 11:12:50,912","level":"INFO","message":"1 change detected"}
{"time":"2026-04-28 11:12:51,317","level":"INFO","message":"1 change detected"}
{"time":"2026-04-28 11:12:51,725","level":"INFO","message":"1 change detected"}
{"time":"2026-04-28 11:12:52,130","level":"INFO","message":"1 change detected"}
{"time":"2026-04-28 11:12:52,533","level":"INFO","message":"1 change detected"}
{"time":"2026-04-28 11:12:52,938","level":"INFO","message":"1 change detected"}
{"time":"2026-04-28 11:12:53,347","level":"INFO","message":"1 change detected"}
{"time":"2026-04-28 11:12:53,752","level":"INFO","message":"1 change detected"}
{"time":"2026-04-28 11:12:54,157","level":"INFO","message":"1 change detected"}
{"time":"2026-04-28 11:12:54,562","level":"INFO","message":"1 change detected"}
{"time":"2026-04-28 11:12:54,966","level":"INFO","message":"1 change detected"}
{"time":"2026-04-28 11:12:55,371","level":"INFO","message":"1 change detected"}
{"time":"2026-04-28 11:12:55,774","level":"INFO","message":"1 change detected"}
{"time":"2026-04-28 11:12:56,179","level":"INFO","message":"1 change detected"}
{"time":"2026-04-28 11:12:56,580","level":"INFO","message":"1 change detected"}
{"time":"2026-04-28 11:12:56,982","level":"INFO","message":"1 change detected"}
{"time":"2026-04-28 11:12:57,386","level":"INFO","message":"1 change detected"}
{"time":"2026-04-28 11:12:57,792","level":"INFO","message":"1 change detected"}
{"time":"2026-04-28 11:12:58,198","level":"INFO","message":"1 change detected"}
{"time":"2026-04-28 11:12:58,554","level":"INFO","message":"1 change detected"}
{"time":"2026-04-28 11:12:58,963","level":"INFO","message":"1 change detected"}
{"time":"2026-04-28 11:12:59,373","level":"INFO","message":"1 change detected"}
{"time":"2026-04-28 11:12:59,774","level":"INFO","message":"1 change detected"}
{"time":"2026-04-28 11:13:00,181","level":"INFO","message":"1 change detected"}
{"time":"2026-04-28 11:13:00,592","level":"INFO","message":"1 change detected"}
{"time":"2026-04-28 11:13:00,951","level":"INFO","message":"1 change detected"}
{"time":"2026-04-28 11:13:01,358","level":"INFO","message":"1 change detected"}
{"time":"2026-04-28 11:13:01,764","level":"INFO","message":"1 change detected"}
{"time":"2026-04-28 11:13:02,167","level":"INFO","message":"1 change detected"}
{"time":"2026-04-28 11:13:02,572","level":"INFO","message":"1 change detected"}
{"time":"2026-04-28 11:13:02,978","level":"INFO","message":"1 change detected"}
{"time":"2026-04-28 11:13:03,382","level":"INFO","message":"1 change detected"}
{"time":"2026-04-28 11:13:03,786","level":"INFO","message":"1 change detected"}
{"time":"2026-04-28 11:13:04,193","level":"INFO","message":"1 change detected"}
{"time":"2026-04-28 11:13:04,596","level":"INFO","message":"1 change detected"}
{"time":"2026-04-28 11:13:05,002","level":"INFO","message":"1 change detected"}
{"time":"2026-04-28 11:13:05,407","level":"INFO","message":"1 change detected"}
{"time":"2026-04-28 11:13:05,813","level":"INFO","message":"1 change detected"}
{"time":"2026-04-28 11:13:06,218","level":"INFO","message":"1 change detected"}
{"time":"2026-04-28 11:13:06,627","level":"INFO","message":"1 change detected"}
{"time":"2026-04-28 11:13:07,034","level":"INFO","message":"1 change detected"}
{"time":"2026-04-28 11:13:07,390","level":"INFO","message":"1 change detected"}
{"time":"2026-04-28 11:13:07,797","level":"INFO","message":"1 change detected"}
{"time":"2026-04-28 11:13:08,202","level":"INFO","message":"1 change detected"}
{"time":"2026-04-28 11:13:08,607","level":"INFO","message":"1 change detected"}
{"time":"2026-04-28 11:13:09,012","level":"INFO","message":"1 change detected"}
{"time":"2026-04-28 11:13:09,420","level":"INFO","message":"1 change detected"}
{"time":"2026-04-28 11:13:09,829","level":"INFO","message":"1 change detected"}
{"time":"2026-04-28 11:13:10,235","level":"INFO","message":"1 change detected"}
{"time":"2026-04-28 11:13:10,593","level":"INFO","message":"1 change detected"}
{"time":"2026-04-28 11:13:11,006","level":"INFO","message":"1 change detected"}
{"time":"2026-04-28 11:13:11,413","level":"INFO","message":"1 change detected"}
{"time":"2026-04-28 11:13:11,818","level":"INFO","message":"1 change detected"}
{"time":"2026-04-28 11:13:12,227","level":"INFO","message":"1 change detected"}
{"time":"2026-04-28 11:13:12,632","level":"INFO","message":"1 change detected"}
{"time":"2026-04-28 11:13:13,042","level":"INFO","message":"1 change detected"}
{"time":"2026-04-28 11:13:13,448","level":"INFO","message":"1 change detected"}
{"time":"2026-04-28 11:13:13,854","level":"INFO","message":"1 change detected"}
{"time":"2026-04-28 11:13:14,256","level":"INFO","message":"1 change detected"}
{"time":"2026-04-28 11:13:14,660","level":"INFO","message":"1 change detected"}
{"time":"2026-04-28 11:13:15,069","level":"INFO","message":"1 change detected"}
{"time":"2026-04-28 11:13:15,471","level":"INFO","message":"1 change detected"}
{"time":"2026-04-28 11:13:15,876","level":"INFO","message":"1 change detected"}
{"time":"2026-04-28 11:13:16,283","level":"INFO","message":"1 change detected"}
{"time":"2026-04-28 11:13:16,688","level":"INFO","message":"1 change detected"}
{"time":"2026-04-28 11:13:17,092","level":"INFO","message":"1 change detected"}
{"time":"2026-04-28 11:13:17,497","level":"INFO","message":"1 change detected"}
{"time":"2026-04-28 11:13:17,904","level":"INFO","message":"1 change detected"}
{"time":"2026-04-28 11:13:18,269","level":"INFO","message":"1 change detected"}
{"time":"2026-04-28 11:13:18,679","level":"INFO","message":"1 change detected"}
{"time":"2026-04-28 11:13:19,086","level":"INFO","message":"1 change detected"}
{"time":"2026-04-28 11:13:19,491","level":"INFO","message":"1 change detected"}
{"time":"2026-04-28 11:13:19,900","level":"INFO","message":"1 change detected"}
{"time":"2026-04-28 11:13:20,306","level":"INFO","message":"1 change detected"}
{"time":"2026-04-28 11:13:20,711","level":"INFO","message":"1 change detected"}
{"time":"2026-04-28 11:13:21,116","level":"INFO","message":"1 change detected"}
{"time":"2026-04-28 11:13:21,519","level":"INFO","message":"1 change detected"}
{"time":"2026-04-28 11:13:21,923","level":"INFO","message":"1 change detected"}
{"time":"2026-04-28 11:13:22,328","level":"INFO","message":"1 change detected"}
{"time":"2026-04-28 11:13:22,734","level":"INFO","message":"1 change detected"}
{"time":"2026-04-28 11:13:23,138","level":"INFO","message":"1 change detected"}
{"time":"2026-04-28 11:13:23,544","level":"INFO","message":"1 change detected"}
{"time":"2026-04-28 11:13:23,948","level":"INFO","message":"1 change detected"}
{"time":"2026-04-28 11:13:24,356","level":"INFO","message":"1 change detected"}
{"time":"2026-04-28 11:13:24,762","level":"INFO","message":"1 change detected"}
{"time":"2026-04-28 11:13:25,164","level":"INFO","message":"1 change detected"}
{"time":"2026-04-28 11:13:25,569","level":"INFO","message":"1 change detected"}
{"time":"2026-04-28 11:13:25,970","level":"INFO","message":"1 change detected"}
{"time":"2026-04-28 11:13:26,371","level":"INFO","message":"1 change detected"}
{"time":"2026-04-28 11:13:26,777","level":"INFO","message":"1 change detected"}
{"time":"2026-04-28 11:13:27,179","level":"INFO","message":"1 change detected"}
{"time":"2026-04-28 11:13:27,584","level":"INFO","message":"1 change detected"}
{"time":"2026-04-28 11:13:27,986","level":"INFO","message":"1 change detected"}
{"time":"2026-04-28 11:13:28,390","level":"INFO","message":"1 change detected"}
{"time":"2026-04-28 11:13:28,814","level":"INFO","message":"1 change detected"}
{"time":"2026-04-28 11:13:29,233","level":"INFO","message":"1 change detected"}
{"time":"2026-04-28 11:13:29,636","level":"INFO","message":"1 change detected"}
{"time":"2026-04-28 11:13:30,040","level":"INFO","message":"1 change detected"}
{"time":"2026-04-28 11:13:30,441","level":"INFO","message":"1 change detected"}
{"time":"2026-04-28 11:13:30,842","level":"INFO","message":"1 change detected"}
{"time":"2026-04-28 11:13:31,244","level":"INFO","message":"1 change detected"}
{"time":"2026-04-28 11:13:31,647","level":"INFO","message":"1 change detected"}
{"time":"2026-04-28 11:13:32,050","level":"INFO","message":"1 change detected"}
{"time":"2026-04-28 11:13:32,406","level":"INFO","message":"1 change detected"}
{"time":"2026-04-28 11:13:32,812","level":"INFO","message":"1 change detected"}
{"time":"2026-04-28 11:13:33,216","level":"INFO","message":"1 change detected"}
{"time":"2026-04-28 11:13:33,618","level":"INFO","message":"1 change detected"}
{"time":"2026-04-28 11:13:34,022","level":"INFO","message":"1 change detected"}
{"time":"2026-04-28 11:13:34,428","level":"INFO","message":"1 change detected"}
{"time":"2026-04-28 11:13:34,831","level":"INFO","message":"1 change detected"}
{"time":"2026-04-28 11:13:35,233","level":"INFO","message":"1 change detected"}
{"time":"2026-04-28 11:13:35,636","level":"INFO","message":"1 change detected"}
{"time":"2026-04-28 11:13:36,041","level":"INFO","message":"1 change detected"}
{"time":"2026-04-28 11:13:36,444","level":"INFO","message":"1 change detected"}
{"time":"2026-04-28 11:13:36,850","level":"INFO","message":"1 change detected"}
{"time":"2026-04-28 11:13:37,254","level":"INFO","message":"1 change detected"}
{"time":"2026-04-28 11:13:37,659","level":"INFO","message":"1 change detected"}
{"time":"2026-04-28 11:13:38,063","level":"INFO","message":"1 change detected"}
{"time":"2026-04-28 11:13:38,467","level":"INFO","message":"1 change detected"}
{"time":"2026-04-28 11:13:38,871","level":"INFO","message":"1 change detected"}
{"time":"2026-04-28 11:13:39,274","level":"INFO","message":"1 change detected"}
{"time":"2026-04-28 11:13:39,713","level":"INFO","message":"1 change detected"}
{"time":"2026-04-28 11:13:40,101","level":"INFO","message":"1 change detected"}
{"time":"2026-04-28 11:13:40,509","level":"INFO","message":"1 change detected"}
{"time":"2026-04-28 11:13:40,916","level":"INFO","message":"1 change detected"}
{"time":"2026-04-28 11:13:41,322","level":"INFO","message":"1 change detected"}
{"time":"2026-04-28 11:13:41,727","level":"INFO","message":"1 change detected"}
{"time":"2026-04-28 11:13:42,132","level":"INFO","message":"1 change detected"}
{"time":"2026-04-28 11:13:42,535","level":"INFO","message":"1 change detected"}
{"time":"2026-04-28 11:13:42,940","level":"INFO","message":"1 change detected"}
{"time":"2026-04-28 11:13:43,345","level":"INFO","message":"1 change detected"}
{"time":"2026-04-28 11:13:43,753","level":"INFO","message":"1 change detected"}
{"time":"2026-04-28 11:13:44,157","level":"INFO","message":"1 change detected"}
{"time":"2026-04-28 11:13:44,559","level":"INFO","message":"1 change detected"}
{"time":"2026-04-28 11:13:44,962","level":"INFO","message":"1 change detected"}
{"time":"2026-04-28 11:13:45,369","level":"INFO","message":"1 change detected"}
{"time":"2026-04-28 11:13:45,774","level":"INFO","message":"1 change detected"}
{"time":"2026-04-28 11:13:46,178","level":"INFO","message":"1 change detected"}
{"time":"2026-04-28 11:13:46,583","level":"INFO","message":"1 change detected"}
{"time":"2026-04-28 11:13:46,987","level":"INFO","message":"1 change detected"}
{"time":"2026-04-28 11:13:47,343","level":"INFO","message":"1 change detected"}
{"time":"2026-04-28 11:13:47,795","level":"INFO","message":"1 change detected"}
{"time":"2026-04-28 11:13:48,203","level":"INFO","message":"1 change detected"}
{"time":"2026-04-28 11:13:48,608","level":"INFO","message":"1 change detected"}
{"time":"2026-04-28 11:13:49,015","level":"INFO","message":"1 change detected"}
{"time":"2026-04-28 11:13:49,420","level":"INFO","message":"1 change detected"}
{"time":"2026-04-28 11:13:49,822","level":"INFO","message":"1 change detected"}
{"time":"2026-04-28 11:13:50,227","level":"INFO","message":"1 change detected"}
{"time":"2026-04-28 11:13:50,582","level":"INFO","message":"1 change detected"}
{"time":"2026-04-28 11:13:50,995","level":"INFO","message":"1 change detected"}
{"time":"2026-04-28 11:13:51,398","level":"INFO","message":"1 change detected"}
{"time":"2026-04-28 11:13:51,807","level":"INFO","message":"1 change detected"}
{"time":"2026-04-28 11:13:52,210","level":"INFO","message":"1 change detected"}
{"time":"2026-04-28 11:13:52,615","level":"INFO","message":"1 change detected"}
{"time":"2026-04-28 11:13:53,019","level":"INFO","message":"1 change detected"}
{"time":"2026-04-28 11:13:53,385","level":"INFO","message":"1 change detected"}
{"time":"2026-04-28 11:13:53,792","level":"INFO","message":"1 change detected"}
{"time":"2026-04-28 11:13:54,199","level":"INFO","message":"1 change detected"}
{"time":"2026-04-28 11:13:54,605","level":"INFO","message":"1 change detected"}
{"time":"2026-04-28 11:13:55,012","level":"INFO","message":"1 change detected"}
{"time":"2026-04-28 11:13:55,415","level":"INFO","message":"1 change detected"}
{"time":"2026-04-28 11:13:55,820","level":"INFO","message":"1 change detected"}
{"time":"2026-04-28 11:13:56,226","level":"INFO","message":"1 change detected"}
{"time":"2026-04-28 11:13:56,629","level":"INFO","message":"1 change detected"}
{"time":"2026-04-28 11:13:57,033","level":"INFO","message":"1 change detected"}
{"time":"2026-04-28 11:13:57,435","level":"INFO","message":"1 change detected"}
{"time":"2026-04-28 11:13:57,851","level":"INFO","message":"1 change detected"}
{"time":"2026-04-28 11:13:58,256","level":"INFO","message":"1 change detected"}
{"time":"2026-04-28 11:13:58,614","level":"INFO","message":"1 change detected"}
{"time":"2026-04-28 11:13:59,023","level":"INFO","message":"1 change detected"}
{"time":"2026-04-28 11:13:59,438","level":"INFO","message":"1 change detected"}
{"time":"2026-04-28 11:13:59,841","level":"INFO","message":"1 change detected"}
{"time":"2026-04-28 11:14:00,245","level":"INFO","message":"1 change detected"}
{"time":"2026-04-28 11:14:00,651","level":"INFO","message":"1 change detected"}
{"time":"2026-04-28 11:14:01,055","level":"INFO","message":"1 change detected"}
{"time":"2026-04-28 11:14:01,464","level":"INFO","message":"1 change detected"}
{"time":"2026-04-28 11:14:01,868","level":"INFO","message":"1 change detected"}
{"time":"2026-04-28 11:14:02,273","level":"INFO","message":"1 change detected"}
{"time":"2026-04-28 11:14:02,676","level":"INFO","message":"1 change detected"}
{"time":"2026-04-28 11:14:03,081","level":"INFO","message":"1 change detected"}
{"time":"2026-04-28 11:14:03,483","level":"INFO","message":"1 change detected"}
{"time":"2026-04-28 11:14:03,889","level":"INFO","message":"1 change detected"}
{"time":"2026-04-28 11:14:04,294","level":"INFO","message":"1 change detected"}
{"time":"2026-04-28 11:14:04,697","level":"INFO","message":"1 change detected"}
{"time":"2026-04-28 11:14:05,054","level":"INFO","message":"1 change detected"}
{"time":"2026-04-28 11:14:05,796","level":"INFO","message":"Stopping reloader process [5960]"}
{"time":"2026-04-28 11:15:01,257","level":"INFO","message":"API iniciando"}
{"time":"2026-04-28 11:15:01,299","level":"INFO","message":"Will watch for changes in these directories: ['E:\\Curso EBAC\\MainBackEnd']"}
{"time":"2026-04-28 11:15:01,301","level":"INFO","message":"Uvicorn running on http://127.0.0.1:8000 (Press CTRL+C to quit)"}
{"time":"2026-04-28 11:15:01,301","level":"INFO","message":"Started reloader process [18824] using WatchFiles"}
{"time":"2026-04-28 11:15:01,720","level":"INFO","message":"1 change detected"}
{"time":"2026-04-28 11:15:02,126","level":"INFO","message":"1 change detected"}
{"time":"2026-04-28 11:15:02,533","level":"INFO","message":"1 change detected"}
{"time":"2026-04-28 11:15:02,809","level":"INFO","message":"API iniciando"}
{"time":"2026-04-28 11:15:02,939","level":"INFO","message":"1 change detected"}
{"time":"2026-04-28 11:15:03,344","level":"INFO","message":"1 change detected"}
{"time":"2026-04-28 11:15:03,749","level":"INFO","message":"1 change detected"}
{"time":"2026-04-28 11:15:04,153","level":"INFO","message":"1 change detected"}
{"time":"2026-04-28 11:15:04,557","level":"INFO","message":"1 change detected"}
{"time":"2026-04-28 11:15:04,964","level":"INFO","message":"1 change detected"}
{"time":"2026-04-28 11:15:05,367","level":"INFO","message":"1 change detected"}
{"time":"2026-04-28 11:15:05,772","level":"INFO","message":"1 change detected"}
{"time":"2026-04-28 11:15:06,177","level":"INFO","message":"1 change detected"}
{"time":"2026-04-28 11:15:06,583","level":"INFO","message":"1 change detected"}
{"time":"2026-04-28 11:15:06,985","level":"INFO","message":"1 change detected"}
{"time":"2026-04-28 11:15:07,389","level":"INFO","message":"1 change detected"}
{"time":"2026-04-28 11:15:07,792","level":"INFO","message":"1 change detected"}
{"time":"2026-04-28 11:15:08,194","level":"INFO","message":"1 change detected"}
{"time":"2026-04-28 11:15:08,598","level":"INFO","message":"1 change detected"}
{"time":"2026-04-28 11:15:09,002","level":"INFO","message":"1 change detected"}
{"time":"2026-04-28 11:15:09,406","level":"INFO","message":"1 change detected"}
{"time":"2026-04-28 11:15:09,810","level":"INFO","message":"1 change detected"}
{"time":"2026-04-28 11:15:10,213","level":"INFO","message":"1 change detected"}
{"time":"2026-04-28 11:15:10,618","level":"INFO","message":"1 change detected"}
{"time":"2026-04-28 11:15:11,263","level":"INFO","message":"Stopping reloader process [18824]"}
{"time":"2026-04-28 11:15:39,114","level":"INFO","message":"API iniciando"}
{"time":"2026-04-28 11:15:39,156","level":"INFO","message":"Will watch for changes in these directories: ['E:\\Curso EBAC\\MainBackEnd']"}
{"time":"2026-04-28 11:15:39,157","level":"INFO","message":"Uvicorn running on http://127.0.0.1:8000 (Press CTRL+C to quit)"}
{"time":"2026-04-28 11:15:39,158","level":"INFO","message":"Started reloader process [18468] using WatchFiles"}
{"time":"2026-04-28 11:15:39,574","level":"INFO","message":"1 change detected"}
{"time":"2026-04-28 11:15:39,981","level":"INFO","message":"1 change detected"}
{"time":"2026-04-28 11:15:40,388","level":"INFO","message":"1 change detected"}
{"time":"2026-04-28 11:15:40,591","level":"INFO","message":"API iniciando"}
{"time":"2026-04-28 11:15:40,794","level":"INFO","message":"1 change detected"}
{"time":"2026-04-28 11:15:41,196","level":"INFO","message":"1 change detected"}
{"time":"2026-04-28 11:15:41,553","level":"INFO","message":"1 change detected"}
{"time":"2026-04-28 11:15:41,964","level":"INFO","message":"1 change detected"}
{"time":"2026-04-28 11:15:42,367","level":"INFO","message":"1 change detected"}
{"time":"2026-04-28 11:15:42,774","level":"INFO","message":"1 change detected"}
{"time":"2026-04-28 11:15:43,175","level":"INFO","message":"1 change detected"}
{"time":"2026-04-28 11:15:43,578","level":"INFO","message":"1 change detected"}
{"time":"2026-04-28 14:15:43,790","level":"INFO","message":"Alguem acessou o nosso /"}
{"time":"2026-04-28 11:15:43,983","level":"INFO","message":"1 change detected"}
{"time":"2026-04-28 11:15:44,387","level":"INFO","message":"1 change detected"}
{"time":"2026-04-28 11:15:44,790","level":"INFO","message":"1 change detected"}
{"time":"2026-04-28 11:15:45,192","level":"INFO","message":"1 change detected"}
{"time":"2026-04-28 11:15:45,596","level":"INFO","message":"1 change detected"}
{"time":"2026-04-28 11:15:45,999","level":"INFO","message":"1 change detected"}
{"time":"2026-04-28 11:15:46,403","level":"INFO","message":"1 change detected"}
{"time":"2026-04-28 11:15:46,805","level":"INFO","message":"1 change detected"}
{"time":"2026-04-28 11:15:47,209","level":"INFO","message":"1 change detected"}
{"time":"2026-04-28 11:15:47,613","level":"INFO","message":"1 change detected"}
{"time":"2026-04-28 11:15:48,016","level":"INFO","message":"1 change detected"}
{"time":"2026-04-28 11:15:48,420","level":"INFO","message":"1 change detected"}
{"time":"2026-04-28 11:15:48,823","level":"INFO","message":"1 change detected"}
{"time":"2026-04-28 11:15:49,228","level":"INFO","message":"1 change detected"}
{"time":"2026-04-28 11:15:49,632","level":"INFO","message":"1 change detected"}
{"time":"2026-04-28 11:15:50,038","level":"INFO","message":"1 change detected"}
{"time":"2026-04-28 11:15:50,441","level":"INFO","message":"1 change detected"}
{"time":"2026-04-28 11:15:50,846","level":"INFO","message":"1 change detected"}
{"time":"2026-04-28 11:15:51,250","level":"INFO","message":"1 change detected"}
{"time":"2026-04-28 11:15:51,654","level":"INFO","message":"1 change detected"}
{"time":"2026-04-28 11:15:52,056","level":"INFO","message":"1 change detected"}
{"time":"2026-04-28 11:15:52,461","level":"INFO","message":"1 change detected"}
{"time":"2026-04-28 11:15:52,867","level":"INFO","message":"1 change detected"}
{"time":"2026-04-28 11:15:53,270","level":"INFO","message":"1 change detected"}
{"time":"2026-04-28 11:15:53,673","level":"INFO","message":"1 change detected"}
{"time":"2026-04-28 11:15:54,079","level":"INFO","message":"1 change detected"}
{"time":"2026-04-28 11:15:54,483","level":"INFO","message":"1 change detected"}
{"time":"2026-04-28 11:15:54,885","level":"INFO","message":"1 change detected"}
{"time":"2026-04-28 11:15:55,289","level":"INFO","message":"1 change detected"}
{"time":"2026-04-28 11:15:55,693","level":"INFO","message":"1 change detected"}
{"time":"2026-04-28 11:15:56,095","level":"INFO","message":"1 change detected"}
{"time":"2026-04-28 11:15:56,496","level":"INFO","message":"1 change detected"}
{"time":"2026-04-28 11:15:56,899","level":"INFO","message":"1 change detected"}
{"time":"2026-04-28 11:15:57,304","level":"INFO","message":"1 change detected"}
{"time":"2026-04-28 11:15:57,705","level":"INFO","message":"1 change detected"}
{"time":"2026-04-28 11:15:58,109","level":"INFO","message":"1 change detected"}
{"time":"2026-04-28 11:15:58,512","level":"INFO","message":"1 change detected"}
{"time":"2026-04-28 11:15:58,916","level":"INFO","message":"1 change detected"}
{"time":"2026-04-28 11:15:59,320","level":"INFO","message":"1 change detected"}
{"time":"2026-04-28 11:15:59,723","level":"INFO","message":"1 change detected"}
{"time":"2026-04-28 11:16:00,126","level":"INFO","message":"1 change detected"}
{"time":"2026-04-28 11:16:00,528","level":"INFO","message":"1 change detected"}
{"time":"2026-04-28 11:16:00,931","level":"INFO","message":"1 change detected"}
{"time":"2026-04-28 11:16:01,336","level":"INFO","message":"1 change detected"}
{"time":"2026-04-28 11:16:01,742","level":"INFO","message":"1 change detected"}
{"time":"2026-04-28 11:16:02,145","level":"INFO","message":"1 change detected"}
{"time":"2026-04-28 11:16:02,552","level":"INFO","message":"1 change detected"}
{"time":"2026-04-28 11:16:02,908","level":"INFO","message":"1 change detected"}
{"time":"2026-04-28 11:16:03,315","level":"INFO","message":"1 change detected"}
{"time":"2026-04-28 11:16:03,719","level":"INFO","message":"1 change detected"}
{"time":"2026-04-28 11:16:04,120","level":"INFO","message":"1 change detected"}
{"time":"2026-04-28 11:16:04,525","level":"INFO","message":"1 change detected"}
{"time":"2026-04-28 11:16:04,928","level":"INFO","message":"1 change detected"}
{"time":"2026-04-28 11:16:05,344","level":"INFO","message":"1 change detected"}
{"time":"2026-04-28 11:16:05,747","level":"INFO","message":"1 change detected"}
{"time":"2026-04-28 11:16:06,149","level":"INFO","message":"1 change detected"}
{"time":"2026-04-28 11:16:06,556","level":"INFO","message":"1 change detected"}
{"time":"2026-04-28 11:16:06,959","level":"INFO","message":"1 change detected"}
{"time":"2026-04-28 11:16:07,363","level":"INFO","message":"1 change detected"}
{"time":"2026-04-28 11:16:07,769","level":"INFO","message":"1 change detected"}
{"time":"2026-04-28 11:16:08,173","level":"INFO","message":"1 change detected"}
{"time":"2026-04-28 11:16:08,580","level":"INFO","message":"1 change detected"}
{"time":"2026-04-28 11:16:08,983","level":"INFO","message":"1 change detected"}
{"time":"2026-04-28 11:16:09,387","level":"INFO","message":"1 change detected"}
{"time":"2026-04-28 11:16:09,792","level":"INFO","message":"1 change detected"}
{"time":"2026-04-28 11:16:10,198","level":"INFO","message":"1 change detected"}
{"time":"2026-04-28 11:16:10,601","level":"INFO","message":"1 change detected"}
{"time":"2026-04-28 11:16:11,006","level":"INFO","message":"1 change detected"}
{"time":"2026-04-28 11:16:11,409","level":"INFO","message":"1 change detected"}
{"time":"2026-04-28 11:16:11,813","level":"INFO","message":"1 change detected"}
{"time":"2026-04-28 11:16:12,215","level":"INFO","message":"1 change detected"}
{"time":"2026-04-28 11:16:12,619","level":"INFO","message":"1 change detected"}
{"time":"2026-04-28 11:16:13,024","level":"INFO","message":"1 change detected"}
{"time":"2026-04-28 11:16:13,429","level":"INFO","message":"1 change detected"}
{"time":"2026-04-28 11:16:13,830","level":"INFO","message":"1 change detected"}
{"time":"2026-04-28 11:16:14,234","level":"INFO","message":"1 change detected"}
{"time":"2026-04-28 11:16:14,637","level":"INFO","message":"1 change detected"}
{"time":"2026-04-28 11:16:15,044","level":"INFO","message":"1 change detected"}
{"time":"2026-04-28 11:16:15,450","level":"INFO","message":"1 change detected"}
{"time":"2026-04-28 11:16:15,853","level":"INFO","message":"1 change detected"}
{"time":"2026-04-28 11:16:16,259","level":"INFO","message":"1 change detected"}
{"time":"2026-04-28 11:16:16,675","level":"INFO","message":"1 change detected"}
{"time":"2026-04-28 11:16:17,032","level":"INFO","message":"1 change detected"}
{"time":"2026-04-28 11:16:17,440","level":"INFO","message":"1 change detected"}
{"time":"2026-04-28 11:16:17,846","level":"INFO","message":"1 change detected"}
{"time":"2026-04-28 11:16:18,248","level":"INFO","message":"1 change detected"}
{"time":"2026-04-28 11:16:18,652","level":"INFO","message":"1 change detected"}
{"time":"2026-04-28 11:16:19,055","level":"INFO","message":"1 change detected"}
{"time":"2026-04-28 11:16:19,459","level":"INFO","message":"1 change detected"}
{"time":"2026-04-28 11:16:19,865","level":"INFO","message":"1 change detected"}
{"time":"2026-04-28 11:16:20,270","level":"INFO","message":"1 change detected"}
{"time":"2026-04-28 11:16:20,676","level":"INFO","message":"1 change detected"}
{"time":"2026-04-28 11:16:21,079","level":"INFO","message":"1 change detected"}
{"time":"2026-04-28 11:16:21,488","level":"INFO","message":"1 change detected"}
{"time":"2026-04-28 11:16:21,889","level":"INFO","message":"1 change detected"}
{"time":"2026-04-28 11:16:22,317","level":"INFO","message":"1 change detected"}
{"time":"2026-04-28 11:16:22,678","level":"INFO","message":"1 change detected"}
{"time":"2026-04-28 11:16:23,087","level":"INFO","message":"1 change detected"}
{"time":"2026-04-28 11:16:23,494","level":"INFO","message":"1 change detected"}
{"time":"2026-04-28 11:16:23,901","level":"INFO","message":"1 change detected"}
{"time":"2026-04-28 11:16:24,305","level":"INFO","message":"1 change detected"}
{"time":"2026-04-28 11:16:24,711","level":"INFO","message":"1 change detected"}
{"time":"2026-04-28 11:16:25,113","level":"INFO","message":"1 change detected"}
{"time":"2026-04-28 11:16:25,517","level":"INFO","message":"1 change detected"}
{"time":"2026-04-28 11:16:25,925","level":"INFO","message":"1 change detected"}
{"time":"2026-04-28 11:16:26,329","level":"INFO","message":"1 change detected"}
{"time":"2026-04-28 11:16:26,735","level":"INFO","message":"1 change detected"}
{"time":"2026-04-28 11:16:27,141","level":"INFO","message":"1 change detected"}
{"time":"2026-04-28 11:16:27,543","level":"INFO","message":"1 change detected"}
{"time":"2026-04-28 11:16:27,949","level":"INFO","message":"1 change detected"}
{"time":"2026-04-28 11:16:28,354","level":"INFO","message":"1 change detected"}
{"time":"2026-04-28 11:16:28,760","level":"INFO","message":"1 change detected"}
{"time":"2026-04-28 11:16:29,167","level":"INFO","message":"1 change detected"}
{"time":"2026-04-28 11:16:29,569","level":"INFO","message":"1 change detected"}
{"time":"2026-04-28 11:16:29,974","level":"INFO","message":"1 change detected"}
{"time":"2026-04-28 11:16:30,382","level":"INFO","message":"1 change detected"}
{"time":"2026-04-28 11:16:30,786","level":"INFO","message":"1 change detected"}
{"time":"2026-04-28 11:16:31,191","level":"INFO","message":"1 change detected"}
{"time":"2026-04-28 11:16:31,597","level":"INFO","message":"1 change detected"}
{"time":"2026-04-28 11:16:32,002","level":"INFO","message":"1 change detected"}
{"time":"2026-04-28 11:16:32,507","level":"INFO","message":"1 change detected"}
{"time":"2026-04-28 11:16:32,871","level":"INFO","message":"1 change detected"}
{"time":"2026-04-28 11:16:33,279","level":"INFO","message":"1 change detected"}
{"time":"2026-04-28 11:16:33,683","level":"INFO","message":"1 change detected"}
{"time":"2026-04-28 11:16:34,090","level":"INFO","message":"1 change detected"}
{"time":"2026-04-28 11:16:34,497","level":"INFO","message":"1 change detected"}
{"time":"2026-04-28 11:16:34,903","level":"INFO","message":"1 change detected"}
{"time":"2026-04-28 11:16:35,308","level":"INFO","message":"1 change detected"}
{"time":"2026-04-28 11:16:35,713","level":"INFO","message":"1 change detected"}
{"time":"2026-04-28 11:16:36,118","level":"INFO","message":"1 change detected"}
{"time":"2026-04-28 11:16:36,523","level":"INFO","message":"1 change detected"}
{"time":"2026-04-28 11:16:36,880","level":"INFO","message":"1 change detected"}
{"time":"2026-04-28 11:16:37,293","level":"INFO","message":"1 change detected"}
{"time":"2026-04-28 11:16:37,701","level":"INFO","message":"1 change detected"}
{"time":"2026-04-28 11:16:38,058","level":"INFO","message":"1 change detected"}
{"time":"2026-04-28 11:16:38,467","level":"INFO","message":"1 change detected"}
{"time":"2026-04-28 11:16:38,875","level":"INFO","message":"1 change detected"}
{"time":"2026-04-28 11:16:39,279","level":"INFO","message":"1 change detected"}
{"time":"2026-04-28 11:16:39,684","level":"INFO","message":"1 change detected"}
{"time":"2026-04-28 11:16:40,088","level":"INFO","message":"1 change detected"}
{"time":"2026-04-28 11:16:40,497","level":"INFO","message":"1 change detected"}
{"time":"2026-04-28 11:16:40,898","level":"INFO","message":"1 change detected"}
{"time":"2026-04-28 11:16:41,355","level":"INFO","message":"1 change detected"}
{"time":"2026-04-28 11:16:41,757","level":"INFO","message":"1 change detected"}
{"time":"2026-04-28 11:16:42,163","level":"INFO","message":"1 change detected"}
{"time":"2026-04-28 11:16:42,568","level":"INFO","message":"1 change detected"}
{"time":"2026-04-28 11:16:42,970","level":"INFO","message":"1 change detected"}
{"time":"2026-04-28 11:16:43,376","level":"INFO","message":"1 change detected"}
{"time":"2026-04-28 11:16:43,777","level":"INFO","message":"1 change detected"}
{"time":"2026-04-28 11:16:44,179","level":"INFO","message":"1 change detected"}
{"time":"2026-04-28 11:16:44,583","level":"INFO","message":"1 change detected"}
{"time":"2026-04-28 11:16:44,989","level":"INFO","message":"1 change detected"}
{"time":"2026-04-28 11:16:45,394","level":"INFO","message":"1 change detected"}
{"time":"2026-04-28 11:16:45,797","level":"INFO","message":"1 change detected"}
{"time":"2026-04-28 11:16:46,203","level":"INFO","message":"1 change detected"}
{"time":"2026-04-28 11:16:46,608","level":"INFO","message":"1 change detected"}
{"time":"2026-04-28 11:16:47,010","level":"INFO","message":"1 change detected"}
{"time":"2026-04-28 11:16:47,417","level":"INFO","message":"1 change detected"}
{"time":"2026-04-28 11:16:47,823","level":"INFO","message":"1 change detected"}
{"time":"2026-04-28 11:16:48,227","level":"INFO","message":"1 change detected"}
{"time":"2026-04-28 11:16:48,584","level":"INFO","message":"1 change detected"}
{"time":"2026-04-28 11:16:48,993","level":"INFO","message":"1 change detected"}
{"time":"2026-04-28 11:16:49,397","level":"INFO","message":"1 change detected"}
{"time":"2026-04-28 11:16:49,802","level":"INFO","message":"1 change detected"}
{"time":"2026-04-28 11:16:50,236","level":"INFO","message":"1 change detected"}
{"time":"2026-04-28 11:16:50,638","level":"INFO","message":"1 change detected"}
{"time":"2026-04-28 11:16:51,043","level":"INFO","message":"1 change detected"}
{"time":"2026-04-28 11:16:51,448","level":"INFO","message":"1 change detected"}
{"time":"2026-04-28 11:16:52,260","level":"INFO","message":"Stopping reloader process [18468]"}
{"time":"2026-04-28 11:17:33,082","level":"INFO","message":"API iniciando"}
{"time":"2026-04-28 11:17:33,124","level":"INFO","message":"Will watch for changes in these directories: ['E:\\Curso EBAC\\MainBackEnd']"}
{"time":"2026-04-28 11:17:33,129","level":"INFO","message":"Uvicorn running on http://127.0.0.1:8000 (Press CTRL+C to quit)"}
{"time":"2026-04-28 11:17:33,129","level":"INFO","message":"Started reloader process [19112] using WatchFiles"}
{"time":"2026-04-28 11:17:33,552","level":"INFO","message":"1 change detected"}
{"time":"2026-04-28 11:17:33,957","level":"INFO","message":"1 change detected"}
{"time":"2026-04-28 11:17:34,365","level":"INFO","message":"1 change detected"}
{"time":"2026-04-28 11:17:34,585","level":"INFO","message":"API iniciando"}
{"time":"2026-04-28 11:17:34,776","level":"INFO","message":"1 change detected"}
{"time":"2026-04-28 11:17:35,139","level":"INFO","message":"1 change detected"}
{"time":"2026-04-28 11:17:35,549","level":"INFO","message":"1 change detected"}
{"time":"2026-04-28 11:17:35,956","level":"INFO","message":"1 change detected"}
{"time":"2026-04-28 11:17:36,360","level":"INFO","message":"1 change detected"}
{"time":"2026-04-28 11:17:36,767","level":"INFO","message":"1 change detected"}
{"time":"2026-04-28 11:17:37,171","level":"INFO","message":"1 change detected"}
{"time":"2026-04-28 11:17:37,575","level":"INFO","message":"1 change detected"}
{"time":"2026-04-28 11:17:37,981","level":"INFO","message":"1 change detected"}
{"time":"2026-04-28 11:17:38,386","level":"INFO","message":"1 change detected"}
{"time":"2026-04-28 11:17:38,792","level":"INFO","message":"1 change detected"}
{"time":"2026-04-28 11:17:39,196","level":"INFO","message":"1 change detected"}
{"time":"2026-04-28 11:17:39,599","level":"INFO","message":"1 change detected"}
{"time":"2026-04-28 11:17:40,004","level":"INFO","message":"1 change detected"}
{"time":"2026-04-28 11:17:40,412","level":"INFO","message":"1 change detected"}
{"time":"2026-04-28 11:17:40,816","level":"INFO","message":"1 change detected"}
{"time":"2026-04-28 11:17:41,231","level":"INFO","message":"1 change detected"}
{"time":"2026-04-28 11:17:41,635","level":"INFO","message":"1 change detected"}
{"time":"2026-04-28 11:17:42,041","level":"INFO","message":"1 change detected"}
{"time":"2026-04-28 11:17:42,446","level":"INFO","message":"1 change detected"}
{"time":"2026-04-28 11:17:42,852","level":"INFO","message":"1 change detected"}
{"time":"2026-04-28 11:17:43,207","level":"INFO","message":"1 change detected"}
{"time":"2026-04-28 11:17:43,616","level":"INFO","message":"1 change detected"}
{"time":"2026-04-28 11:17:44,019","level":"INFO","message":"1 change detected"}
{"time":"2026-04-28 11:17:44,427","level":"INFO","message":"1 change detected"}
{"time":"2026-04-28 11:17:44,832","level":"INFO","message":"1 change detected"}
{"time":"2026-04-28 11:17:45,244","level":"INFO","message":"1 change detected"}
{"time":"2026-04-28 11:17:45,659","level":"INFO","message":"1 change detected"}
{"time":"2026-04-28 11:17:46,063","level":"INFO","message":"1 change detected"}
{"time":"2026-04-28 11:17:46,468","level":"INFO","message":"1 change detected"}
{"time":"2026-04-28 11:17:46,874","level":"INFO","message":"1 change detected"}
{"time":"2026-04-28 11:17:47,278","level":"INFO","message":"1 change detected"}
{"time":"2026-04-28 11:17:47,682","level":"INFO","message":"1 change detected"}
{"time":"2026-04-28 11:17:48,084","level":"INFO","message":"1 change detected"}
{"time":"2026-04-28 11:17:48,490","level":"INFO","message":"1 change detected"}
{"time":"2026-04-28 11:17:48,894","level":"INFO","message":"1 change detected"}
{"time":"2026-04-28 11:17:49,298","level":"INFO","message":"1 change detected"}
{"time":"2026-04-28 11:17:49,701","level":"INFO","message":"1 change detected"}
{"time":"2026-04-28 11:17:50,104","level":"INFO","message":"1 change detected"}
{"time":"2026-04-28 11:17:50,513","level":"INFO","message":"1 change detected"}
{"time":"2026-04-28 11:17:50,918","level":"INFO","message":"1 change detected"}
{"time":"2026-04-28 11:17:51,320","level":"INFO","message":"1 change detected"}
{"time":"2026-04-28 11:17:51,724","level":"INFO","message":"1 change detected"}
{"time":"2026-04-28 11:17:52,130","level":"INFO","message":"1 change detected"}
{"time":"2026-04-28 11:17:52,535","level":"INFO","message":"1 change detected"}
{"time":"2026-04-28 11:17:52,938","level":"INFO","message":"1 change detected"}
{"time":"2026-04-28 11:17:53,342","level":"INFO","message":"1 change detected"}
{"time":"2026-04-28 11:17:53,750","level":"INFO","message":"1 change detected"}
{"time":"2026-04-28 11:17:54,153","level":"INFO","message":"1 change detected"}
{"time":"2026-04-28 11:17:54,559","level":"INFO","message":"1 change detected"}
{"time":"2026-04-28 11:17:54,925","level":"INFO","message":"1 change detected"}
{"time":"2026-04-28 11:17:55,333","level":"INFO","message":"1 change detected"}
{"time":"2026-04-28 11:17:55,739","level":"INFO","message":"1 change detected"}
{"time":"2026-04-28 11:17:56,141","level":"INFO","message":"1 change detected"}
{"time":"2026-04-28 11:17:56,542","level":"INFO","message":"1 change detected"}
{"time":"2026-04-28 11:17:56,947","level":"INFO","message":"1 change detected"}
{"time":"2026-04-28 11:17:57,350","level":"INFO","message":"1 change detected"}
{"time":"2026-04-28 11:17:57,753","level":"INFO","message":"1 change detected"}
{"time":"2026-04-28 11:17:58,155","level":"INFO","message":"1 change detected"}
{"time":"2026-04-28 11:17:58,557","level":"INFO","message":"1 change detected"}
{"time":"2026-04-28 11:17:58,962","level":"INFO","message":"1 change detected"}
{"time":"2026-04-28 11:17:59,378","level":"INFO","message":"1 change detected"}
{"time":"2026-04-28 11:17:59,783","level":"INFO","message":"1 change detected"}
{"time":"2026-04-28 11:18:00,206","level":"INFO","message":"1 change detected"}
{"time":"2026-04-28 11:18:00,612","level":"INFO","message":"1 change detected"}
{"time":"2026-04-28 11:18:01,016","level":"INFO","message":"1 change detected"}
{"time":"2026-04-28 11:18:01,431","level":"INFO","message":"1 change detected"}
{"time":"2026-04-28 11:18:01,836","level":"INFO","message":"1 change detected"}
{"time":"2026-04-28 11:18:02,239","level":"INFO","message":"1 change detected"}
{"time":"2026-04-28 11:18:02,646","level":"INFO","message":"1 change detected"}
{"time":"2026-04-28 11:18:03,050","level":"INFO","message":"1 change detected"}
{"time":"2026-04-28 11:18:03,453","level":"INFO","message":"1 change detected"}
{"time":"2026-04-28 11:18:03,857","level":"INFO","message":"1 change detected"}
{"time":"2026-04-28 11:18:04,260","level":"INFO","message":"1 change detected"}
{"time":"2026-04-28 11:18:04,664","level":"INFO","message":"1 change detected"}
{"time":"2026-04-28 11:18:05,071","level":"INFO","message":"1 change detected"}
{"time":"2026-04-28 11:18:05,476","level":"INFO","message":"1 change detected"}
{"time":"2026-04-28 11:18:05,881","level":"INFO","message":"1 change detected"}
{"time":"2026-04-28 11:18:06,287","level":"INFO","message":"1 change detected"}
{"time":"2026-04-28 11:18:06,690","level":"INFO","message":"1 change detected"}
{"time":"2026-04-28 11:18:07,094","level":"INFO","message":"1 change detected"}
{"time":"2026-04-28 11:18:07,496","level":"INFO","message":"1 change detected"}
{"time":"2026-04-28 11:18:07,902","level":"INFO","message":"1 change detected"}
{"time":"2026-04-28 11:18:08,304","level":"INFO","message":"1 change detected"}
{"time":"2026-04-28 11:18:08,707","level":"INFO","message":"1 change detected"}
{"time":"2026-04-28 11:18:09,142","level":"INFO","message":"1 change detected"}
{"time":"2026-04-28 11:18:09,552","level":"INFO","message":"1 change detected"}
{"time":"2026-04-28 11:18:09,955","level":"INFO","message":"1 change detected"}
{"time":"2026-04-28 11:18:10,357","level":"INFO","message":"1 change detected"}
{"time":"2026-04-28 11:18:10,763","level":"INFO","message":"1 change detected"}
{"time":"2026-04-28 11:18:11,169","level":"INFO","message":"1 change detected"}
{"time":"2026-04-28 11:18:11,572","level":"INFO","message":"1 change detected"}
{"time":"2026-04-28 11:18:11,978","level":"INFO","message":"1 change detected"}
{"time":"2026-04-28 11:18:12,380","level":"INFO","message":"1 change detected"}
{"time":"2026-04-28 11:18:12,784","level":"INFO","message":"1 change detected"}
{"time":"2026-04-28 11:18:13,189","level":"INFO","message":"1 change detected"}
{"time":"2026-04-28 11:18:13,591","level":"INFO","message":"1 change detected"}
{"time":"2026-04-28 11:18:13,992","level":"INFO","message":"1 change detected"}
{"time":"2026-04-28 11:18:14,396","level":"INFO","message":"1 change detected"}
{"time":"2026-04-28 11:18:14,801","level":"INFO","message":"1 change detected"}
{"time":"2026-04-28 11:18:15,157","level":"INFO","message":"1 change detected"}
{"time":"2026-04-28 11:18:15,570","level":"INFO","message":"1 change detected"}
{"time":"2026-04-28 11:18:15,972","level":"INFO","message":"1 change detected"}
{"time":"2026-04-28 11:18:16,374","level":"INFO","message":"1 change detected"}
{"time":"2026-04-28 11:18:16,781","level":"INFO","message":"1 change detected"}
{"time":"2026-04-28 11:18:17,192","level":"INFO","message":"1 change detected"}
{"time":"2026-04-28 11:18:17,607","level":"INFO","message":"1 change detected"}
{"time":"2026-04-28 11:18:18,014","level":"INFO","message":"1 change detected"}
{"time":"2026-04-28 11:18:18,417","level":"INFO","message":"1 change detected"}
{"time":"2026-04-28 11:18:18,821","level":"INFO","message":"1 change detected"}
{"time":"2026-04-28 11:18:19,225","level":"INFO","message":"1 change detected"}
{"time":"2026-04-28 11:18:19,630","level":"INFO","message":"1 change detected"}
{"time":"2026-04-28 11:18:20,034","level":"INFO","message":"1 change detected"}
{"time":"2026-04-28 11:18:20,440","level":"INFO","message":"1 change detected"}
{"time":"2026-04-28 11:18:20,844","level":"INFO","message":"1 change detected"}
{"time":"2026-04-28 11:18:21,245","level":"INFO","message":"1 change detected"}
{"time":"2026-04-28 11:18:21,651","level":"INFO","message":"1 change detected"}
{"time":"2026-04-28 11:18:22,056","level":"INFO","message":"1 change detected"}
{"time":"2026-04-28 11:18:22,458","level":"INFO","message":"1 change detected"}
{"time":"2026-04-28 11:18:22,863","level":"INFO","message":"1 change detected"}
{"time":"2026-04-28 11:18:23,269","level":"INFO","message":"1 change detected"}
{"time":"2026-04-28 11:18:23,672","level":"INFO","message":"1 change detected"}
{"time":"2026-04-28 11:18:24,075","level":"INFO","message":"1 change detected"}
{"time":"2026-04-28 11:18:24,480","level":"INFO","message":"1 change detected"}
{"time":"2026-04-28 11:18:24,885","level":"INFO","message":"1 change detected"}
{"time":"2026-04-28 11:18:25,296","level":"INFO","message":"1 change detected"}
{"time":"2026-04-28 11:18:25,763","level":"INFO","message":"1 change detected"}
{"time":"2026-04-28 11:18:26,115","level":"INFO","message":"1 change detected"}
{"time":"2026-04-28 11:18:26,521","level":"INFO","message":"1 change detected"}
{"time":"2026-04-28 11:18:26,927","level":"INFO","message":"1 change detected"}
{"time":"2026-04-28 11:18:27,329","level":"INFO","message":"1 change detected"}
{"time":"2026-04-28 11:18:27,731","level":"INFO","message":"1 change detected"}
{"time":"2026-04-28 11:18:28,137","level":"INFO","message":"1 change detected"}
{"time":"2026-04-28 11:18:28,541","level":"INFO","message":"1 change detected"}
{"time":"2026-04-28 11:18:28,947","level":"INFO","message":"1 change detected"}
{"time":"2026-04-28 11:18:29,349","level":"INFO","message":"1 change detected"}
{"time":"2026-04-28 11:18:29,752","level":"INFO","message":"1 change detected"}
{"time":"2026-04-28 11:18:30,159","level":"INFO","message":"1 change detected"}
{"time":"2026-04-28 11:18:30,665","level":"INFO","message":"1 change detected"}
{"time":"2026-04-28 11:18:31,026","level":"INFO","message":"1 change detected"}
{"time":"2026-04-28 11:18:31,436","level":"INFO","message":"1 change detected"}
{"time":"2026-04-28 11:18:31,840","level":"INFO","message":"1 change detected"}
{"time":"2026-04-28 11:18:32,255","level":"INFO","message":"1 change detected"}
{"time":"2026-04-28 11:18:32,661","level":"INFO","message":"1 change detected"}
{"time":"2026-04-28 11:18:33,064","level":"INFO","message":"1 change detected"}
{"time":"2026-04-28 11:18:33,468","level":"INFO","message":"1 change detected"}
{"time":"2026-04-28 11:18:33,874","level":"INFO","message":"1 change detected"}
{"time":"2026-04-28 11:18:34,279","level":"INFO","message":"1 change detected"}
{"time":"2026-04-28 11:18:34,683","level":"INFO","message":"1 change detected"}
{"time":"2026-04-28 11:18:35,088","level":"INFO","message":"1 change detected"}
{"time":"2026-04-28 11:18:35,493","level":"INFO","message":"1 change detected"}
{"time":"2026-04-28 11:18:35,896","level":"INFO","message":"1 change detected"}
{"time":"2026-04-28 11:18:36,301","level":"INFO","message":"1 change detected"}
{"time":"2026-04-28 11:18:36,705","level":"INFO","message":"1 change detected"}
{"time":"2026-04-28 11:18:37,108","level":"INFO","message":"1 change detected"}
{"time":"2026-04-28 11:18:37,512","level":"INFO","message":"1 change detected"}
{"time":"2026-04-28 11:18:37,917","level":"INFO","message":"1 change detected"}
{"time":"2026-04-28 11:18:38,319","level":"INFO","message":"1 change detected"}
{"time":"2026-04-28 11:18:38,723","level":"INFO","message":"1 change detected"}
{"time":"2026-04-28 11:18:39,130","level":"INFO","message":"1 change detected"}
{"time":"2026-04-28 11:18:39,535","level":"INFO","message":"1 change detected"}
{"time":"2026-04-28 11:18:39,937","level":"INFO","message":"1 change detected"}
{"time":"2026-04-28 11:18:40,341","level":"INFO","message":"1 change detected"}
{"time":"2026-04-28 11:18:40,747","level":"INFO","message":"1 change detected"}
{"time":"2026-04-28 11:18:41,151","level":"INFO","message":"1 change detected"}
{"time":"2026-04-28 11:18:41,557","level":"INFO","message":"1 change detected"}
{"time":"2026-04-28 11:18:42,013","level":"INFO","message":"1 change detected"}
{"time":"2026-04-28 11:18:42,377","level":"INFO","message":"1 change detected"}
{"time":"2026-04-28 11:18:42,782","level":"INFO","message":"1 change detected"}
{"time":"2026-04-28 11:18:43,187","level":"INFO","message":"1 change detected"}
{"time":"2026-04-28 11:18:43,590","level":"INFO","message":"1 change detected"}
{"time":"2026-04-28 11:18:43,994","level":"INFO","message":"1 change detected"}
{"time":"2026-04-28 11:18:44,400","level":"INFO","message":"1 change detected"}
{"time":"2026-04-28 11:18:44,758","level":"INFO","message":"1 change detected"}
{"time":"2026-04-28 11:18:45,115","level":"INFO","message":"1 change detected"}
{"time":"2026-04-28 11:18:45,474","level":"INFO","message":"1 change detected"}
{"time":"2026-04-28 11:18:46,049","level":"INFO","message":"Stopping reloader process [19112]"}
{"time":"2026-04-28 11:18:49,595","level":"INFO","message":"API iniciando"}
{"time":"2026-04-28 11:18:49,636","level":"INFO","message":"Will watch for changes in these directories: ['E:\\Curso EBAC\\MainBackEnd']"}
{"time":"2026-04-28 11:18:49,638","level":"INFO","message":"Uvicorn running on http://127.0.0.1:8000 (Press CTRL+C to quit)"}
{"time":"2026-04-28 11:18:49,639","level":"INFO","message":"Started reloader process [6652] using WatchFiles"}
{"time":"2026-04-28 11:18:50,018","level":"INFO","message":"1 change detected"}
{"time":"2026-04-28 11:18:50,431","level":"INFO","message":"1 change detected"}
{"time":"2026-04-28 11:18:50,840","level":"INFO","message":"1 change detected"}
{"time":"2026-04-28 11:18:51,171","level":"INFO","message":"API iniciando"}
{"time":"2026-04-28 11:18:51,250","level":"INFO","message":"1 change detected"}
{"time":"2026-04-28 11:18:51,652","level":"INFO","message":"1 change detected"}
{"time":"2026-04-28 11:18:52,057","level":"INFO","message":"1 change detected"}
{"time":"2026-04-28 11:18:52,461","level":"INFO","message":"1 change detected"}
{"time":"2026-04-28 11:18:52,864","level":"INFO","message":"1 change detected"}
{"time":"2026-04-28 11:18:53,268","level":"INFO","message":"1 change detected"}
{"time":"2026-04-28 11:18:53,674","level":"INFO","message":"1 change detected"}
{"time":"2026-04-28 11:18:54,078","level":"INFO","message":"1 change detected"}
{"time":"2026-04-28 11:18:54,482","level":"INFO","message":"1 change detected"}
{"time":"2026-04-28 11:18:54,887","level":"INFO","message":"1 change detected"}
{"time":"2026-04-28 11:18:55,294","level":"INFO","message":"1 change detected"}
{"time":"2026-04-28 11:18:55,698","level":"INFO","message":"1 change detected"}
{"time":"2026-04-28 11:18:56,103","level":"INFO","message":"1 change detected"}
{"time":"2026-04-28 11:18:56,508","level":"INFO","message":"1 change detected"}
{"time":"2026-04-28 11:18:56,910","level":"INFO","message":"1 change detected"}
{"time":"2026-04-28 11:18:57,319","level":"INFO","message":"1 change detected"}
{"time":"2026-04-28 11:18:57,723","level":"INFO","message":"1 change detected"}
{"time":"2026-04-28 11:18:58,127","level":"INFO","message":"1 change detected"}
{"time":"2026-04-28 11:18:58,530","level":"INFO","message":"1 change detected"}
{"time":"2026-04-28 11:18:58,935","level":"INFO","message":"1 change detected"}
{"time":"2026-04-28 11:18:59,339","level":"INFO","message":"1 change detected"}
{"time":"2026-04-28 11:18:59,707","level":"INFO","message":"1 change detected"}
{"time":"2026-04-28 11:19:00,121","level":"INFO","message":"1 change detected"}
{"time":"2026-04-28 11:19:00,522","level":"INFO","message":"1 change detected"}
{"time":"2026-04-28 11:19:00,927","level":"INFO","message":"1 change detected"}
{"time":"2026-04-28 11:19:01,365","level":"INFO","message":"1 change detected"}
{"time":"2026-04-28 11:19:01,723","level":"INFO","message":"1 change detected"}
{"time":"2026-04-28 11:19:02,128","level":"INFO","message":"1 change detected"}
{"time":"2026-04-28 11:19:02,534","level":"INFO","message":"1 change detected"}
{"time":"2026-04-28 11:19:02,946","level":"INFO","message":"1 change detected"}
{"time":"2026-04-28 11:19:03,347","level":"INFO","message":"1 change detected"}
{"time":"2026-04-28 11:19:03,749","level":"INFO","message":"1 change detected"}
{"time":"2026-04-28 11:19:04,157","level":"INFO","message":"1 change detected"}
{"time":"2026-04-28 11:19:04,563","level":"INFO","message":"1 change detected"}
{"time":"2026-04-28 11:19:04,967","level":"INFO","message":"1 change detected"}
{"time":"2026-04-28 11:19:05,375","level":"INFO","message":"1 change detected"}
{"time":"2026-04-28 11:19:05,732","level":"INFO","message":"1 change detected"}
{"time":"2026-04-28 11:19:06,140","level":"INFO","message":"1 change detected"}
{"time":"2026-04-28 11:19:06,548","level":"INFO","message":"1 change detected"}
{"time":"2026-04-28 11:19:06,954","level":"INFO","message":"1 change detected"}
{"time":"2026-04-28 11:19:07,358","level":"INFO","message":"1 change detected"}
{"time":"2026-04-28 11:19:07,764","level":"INFO","message":"1 change detected"}
{"time":"2026-04-28 11:19:08,187","level":"INFO","message":"1 change detected"}
{"time":"2026-04-28 11:19:08,591","level":"INFO","message":"1 change detected"}
{"time":"2026-04-28 11:19:08,994","level":"INFO","message":"1 change detected"}
{"time":"2026-04-28 11:19:09,400","level":"INFO","message":"1 change detected"}
{"time":"2026-04-28 11:19:09,801","level":"INFO","message":"1 change detected"}
{"time":"2026-04-28 11:19:10,205","level":"INFO","message":"1 change detected"}
{"time":"2026-04-28 11:19:10,611","level":"INFO","message":"1 change detected"}
{"time":"2026-04-28 11:19:11,013","level":"INFO","message":"1 change detected"}
{"time":"2026-04-28 11:19:11,418","level":"INFO","message":"1 change detected"}
{"time":"2026-04-28 11:19:11,822","level":"INFO","message":"1 change detected"}
{"time":"2026-04-28 11:19:12,226","level":"INFO","message":"1 change detected"}
{"time":"2026-04-28 11:19:12,630","level":"INFO","message":"1 change detected"}
{"time":"2026-04-28 11:19:13,034","level":"INFO","message":"1 change detected"}
{"time":"2026-04-28 11:19:13,440","level":"INFO","message":"1 change detected"}
{"time":"2026-04-28 11:19:13,844","level":"INFO","message":"1 change detected"}
{"time":"2026-04-28 11:19:14,249","level":"INFO","message":"1 change detected"}
{"time":"2026-04-28 11:19:14,651","level":"INFO","message":"1 change detected"}
{"time":"2026-04-28 11:19:15,056","level":"INFO","message":"1 change detected"}
{"time":"2026-04-28 11:19:15,465","level":"INFO","message":"1 change detected"}
{"time":"2026-04-28 11:19:15,868","level":"INFO","message":"1 change detected"}
{"time":"2026-04-28 11:19:16,273","level":"INFO","message":"1 change detected"}
{"time":"2026-04-28 11:19:16,677","level":"INFO","message":"1 change detected"}
{"time":"2026-04-28 11:19:17,080","level":"INFO","message":"1 change detected"}
{"time":"2026-04-28 11:19:17,482","level":"INFO","message":"1 change detected"}
{"time":"2026-04-28 11:19:17,887","level":"INFO","message":"1 change detected"}
{"time":"2026-04-28 11:19:18,292","level":"INFO","message":"1 change detected"}
{"time":"2026-04-28 11:19:18,696","level":"INFO","message":"1 change detected"}
{"time":"2026-04-28 11:19:19,098","level":"INFO","message":"1 change detected"}
{"time":"2026-04-28 11:19:19,501","level":"INFO","message":"1 change detected"}
{"time":"2026-04-28 11:19:19,907","level":"INFO","message":"1 change detected"}
{"time":"2026-04-28 11:19:20,310","level":"INFO","message":"1 change detected"}
{"time":"2026-04-28 11:19:20,715","level":"INFO","message":"1 change detected"}
{"time":"2026-04-28 11:19:21,121","level":"INFO","message":"1 change detected"}
{"time":"2026-04-28 11:19:21,523","level":"INFO","message":"1 change detected"}
{"time":"2026-04-28 11:19:21,925","level":"INFO","message":"1 change detected"}
{"time":"2026-04-28 11:19:22,328","level":"INFO","message":"1 change detected"}
{"time":"2026-04-28 11:19:22,734","level":"INFO","message":"1 change detected"}
{"time":"2026-04-28 11:19:23,137","level":"INFO","message":"1 change detected"}
{"time":"2026-04-28 11:19:23,542","level":"INFO","message":"1 change detected"}
{"time":"2026-04-28 11:19:23,948","level":"INFO","message":"1 change detected"}
{"time":"2026-04-28 11:19:24,352","level":"INFO","message":"1 change detected"}
{"time":"2026-04-28 11:19:24,756","level":"INFO","message":"1 change detected"}
{"time":"2026-04-28 11:19:25,161","level":"INFO","message":"1 change detected"}
{"time":"2026-04-28 11:19:25,566","level":"INFO","message":"1 change detected"}
{"time":"2026-04-28 11:19:25,970","level":"INFO","message":"1 change detected"}
{"time":"2026-04-28 11:19:26,372","level":"INFO","message":"1 change detected"}
{"time":"2026-04-28 11:19:26,725","level":"INFO","message":"1 change detected"}
{"time":"2026-04-28 11:19:27,138","level":"INFO","message":"1 change detected"}
{"time":"2026-04-28 11:19:27,545","level":"INFO","message":"1 change detected"}
{"time":"2026-04-28 11:19:27,950","level":"INFO","message":"1 change detected"}
{"time":"2026-04-28 11:19:28,364","level":"INFO","message":"1 change detected"}
{"time":"2026-04-28 11:19:28,769","level":"INFO","message":"1 change detected"}
{"time":"2026-04-28 11:19:29,172","level":"INFO","message":"1 change detected"}
{"time":"2026-04-28 11:19:29,576","level":"INFO","message":"1 change detected"}
{"time":"2026-04-28 11:19:29,979","level":"INFO","message":"1 change detected"}
{"time":"2026-04-28 11:19:30,382","level":"INFO","message":"1 change detected"}
{"time":"2026-04-28 11:19:30,789","level":"INFO","message":"1 change detected"}
{"time":"2026-04-28 11:19:31,195","level":"INFO","message":"1 change detected"}
{"time":"2026-04-28 11:19:31,600","level":"INFO","message":"1 change detected"}
{"time":"2026-04-28 11:19:31,959","level":"INFO","message":"1 change detected"}
{"time":"2026-04-28 11:19:32,367","level":"INFO","message":"1 change detected"}
{"time":"2026-04-28 11:19:32,776","level":"INFO","message":"1 change detected"}
{"time":"2026-04-28 11:19:33,185","level":"INFO","message":"1 change detected"}
{"time":"2026-04-28 11:19:33,592","level":"INFO","message":"1 change detected"}
{"time":"2026-04-28 11:19:33,995","level":"INFO","message":"1 change detected"}
{"time":"2026-04-28 11:19:34,401","level":"INFO","message":"1 change detected"}
{"time":"2026-04-28 11:19:34,818","level":"INFO","message":"1 change detected"}
{"time":"2026-04-28 11:19:35,228","level":"INFO","message":"1 change detected"}
{"time":"2026-04-28 11:19:35,635","level":"INFO","message":"1 change detected"}
{"time":"2026-04-28 11:19:36,038","level":"INFO","message":"1 change detected"}
{"time":"2026-04-28 11:19:36,440","level":"INFO","message":"1 change detected"}
{"time":"2026-04-28 11:19:36,844","level":"INFO","message":"1 change detected"}
{"time":"2026-04-28 11:19:37,251","level":"INFO","message":"1 change detected"}
{"time":"2026-04-28 11:19:37,684","level":"INFO","message":"1 change detected"}
{"time":"2026-04-28 11:19:38,095","level":"INFO","message":"1 change detected"}
{"time":"2026-04-28 11:19:38,500","level":"INFO","message":"1 change detected"}
{"time":"2026-04-28 11:19:38,904","level":"INFO","message":"1 change detected"}
{"time":"2026-04-28 11:19:39,307","level":"INFO","message":"1 change detected"}
{"time":"2026-04-28 11:19:39,714","level":"INFO","message":"1 change detected"}
{"time":"2026-04-28 11:19:40,126","level":"INFO","message":"1 change detected"}
{"time":"2026-04-28 11:19:40,487","level":"INFO","message":"1 change detected"}
{"time":"2026-04-28 11:19:40,896","level":"INFO","message":"1 change detected"}
{"time":"2026-04-28 11:19:41,299","level":"INFO","message":"1 change detected"}
{"time":"2026-04-28 11:19:41,704","level":"INFO","message":"1 change detected"}
{"time":"2026-04-28 11:19:42,108","level":"INFO","message":"1 change detected"}
{"time":"2026-04-28 11:19:42,511","level":"INFO","message":"1 change detected"}
{"time":"2026-04-28 11:19:42,914","level":"INFO","message":"1 change detected"}
{"time":"2026-04-28 11:19:43,316","level":"INFO","message":"1 change detected"}
{"time":"2026-04-28 11:19:43,719","level":"INFO","message":"1 change detected"}
{"time":"2026-04-28 11:19:44,119","level":"INFO","message":"1 change detected"}
{"time":"2026-04-28 11:19:44,523","level":"INFO","message":"1 change detected"}
{"time":"2026-04-28 11:19:44,929","level":"INFO","message":"1 change detected"}
{"time":"2026-04-28 11:19:45,334","level":"INFO","message":"1 change detected"}
{"time":"2026-04-28 11:19:45,749","level":"INFO","message":"1 change detected"}
{"time":"2026-04-28 11:19:46,155","level":"INFO","message":"1 change detected"}
{"time":"2026-04-28 11:19:46,557","level":"INFO","message":"1 change detected"}
{"time":"2026-04-28 11:19:46,962","level":"INFO","message":"1 change detected"}
{"time":"2026-04-28 11:19:47,366","level":"INFO","message":"1 change detected"}
{"time":"2026-04-28 11:19:47,768","level":"INFO","message":"1 change detected"}
{"time":"2026-04-28 11:19:48,173","level":"INFO","message":"1 change detected"}
{"time":"2026-04-28 11:19:48,576","level":"INFO","message":"1 change detected"}
{"time":"2026-04-28 11:19:48,977","level":"INFO","message":"1 change detected"}
{"time":"2026-04-28 11:19:49,380","level":"INFO","message":"1 change detected"}
{"time":"2026-04-28 11:19:49,785","level":"INFO","message":"1 change detected"}
{"time":"2026-04-28 11:19:50,188","level":"INFO","message":"1 change detected"}
{"time":"2026-04-28 11:19:50,590","level":"INFO","message":"1 change detected"}
{"time":"2026-04-28 11:19:50,994","level":"INFO","message":"1 change detected"}
{"time":"2026-04-28 11:19:51,399","level":"INFO","message":"1 change detected"}
{"time":"2026-04-28 11:19:51,805","level":"INFO","message":"1 change detected"}
{"time":"2026-04-28 11:19:52,208","level":"INFO","message":"1 change detected"}
{"time":"2026-04-28 11:19:52,611","level":"INFO","message":"1 change detected"}
{"time":"2026-04-28 11:19:53,012","level":"INFO","message":"1 change detected"}
{"time":"2026-04-28 11:19:53,417","level":"INFO","message":"1 change detected"}
{"time":"2026-04-28 11:19:53,820","level":"INFO","message":"1 change detected"}
{"time":"2026-04-28 11:19:54,224","level":"INFO","message":"1 change detected"}
{"time":"2026-04-28 11:19:54,641","level":"INFO","message":"1 change detected"}
{"time":"2026-04-28 11:19:55,053","level":"INFO","message":"1 change detected"}
{"time":"2026-04-28 11:19:55,459","level":"INFO","message":"1 change detected"}
{"time":"2026-04-28 11:19:55,864","level":"INFO","message":"1 change detected"}
{"time":"2026-04-28 11:19:56,266","level":"INFO","message":"1 change detected"}
{"time":"2026-04-28 11:19:56,670","level":"INFO","message":"1 change detected"}
{"time":"2026-04-28 11:19:57,081","level":"INFO","message":"1 change detected"}
{"time":"2026-04-28 11:19:57,496","level":"INFO","message":"1 change detected"}
{"time":"2026-04-28 11:19:57,899","level":"INFO","message":"1 change detected"}
{"time":"2026-04-28 11:19:58,302","level":"INFO","message":"1 change detected"}
{"time":"2026-04-28 11:19:58,657","level":"INFO","message":"1 change detected"}
{"time":"2026-04-28 11:19:59,065","level":"INFO","message":"1 change detected"}
{"time":"2026-04-28 11:19:59,466","level":"INFO","message":"1 change detected"}
{"time":"2026-04-28 11:19:59,868","level":"INFO","message":"1 change detected"}
{"time":"2026-04-28 11:20:00,273","level":"INFO","message":"1 change detected"}
{"time":"2026-04-28 11:20:00,678","level":"INFO","message":"1 change detected"}
{"time":"2026-04-28 11:20:01,083","level":"INFO","message":"1 change detected"}
{"time":"2026-04-28 11:20:01,487","level":"INFO","message":"1 change detected"}
{"time":"2026-04-28 11:20:01,890","level":"INFO","message":"1 change detected"}
{"time":"2026-04-28 11:20:02,296","level":"INFO","message":"1 change detected"}
{"time":"2026-04-28 11:20:02,699","level":"INFO","message":"1 change detected"}
{"time":"2026-04-28 11:20:03,102","level":"INFO","message":"1 change detected"}
{"time":"2026-04-28 11:20:03,507","level":"INFO","message":"1 change detected"}
{"time":"2026-04-28 11:20:03,911","level":"INFO","message":"1 change detected"}
{"time":"2026-04-28 11:20:04,315","level":"INFO","message":"1 change detected"}
{"time":"2026-04-28 11:20:04,720","level":"INFO","message":"1 change detected"}
{"time":"2026-04-28 11:20:05,128","level":"INFO","message":"1 change detected"}
{"time":"2026-04-28 11:20:05,534","level":"INFO","message":"1 change detected"}
{"time":"2026-04-28 11:20:05,938","level":"INFO","message":"1 change detected"}
{"time":"2026-04-28 11:20:06,346","level":"INFO","message":"1 change detected"}
{"time":"2026-04-28 11:20:06,779","level":"INFO","message":"1 change detected"}
{"time":"2026-04-28 11:20:07,137","level":"INFO","message":"1 change detected"}
{"time":"2026-04-28 11:20:07,544","level":"INFO","message":"1 change detected"}
{"time":"2026-04-28 11:20:07,948","level":"INFO","message":"1 change detected"}
{"time":"2026-04-28 11:20:08,353","level":"INFO","message":"1 change detected"}
{"time":"2026-04-28 11:20:08,757","level":"INFO","message":"1 change detected"}
{"time":"2026-04-28 11:20:09,164","level":"INFO","message":"1 change detected"}
{"time":"2026-04-28 11:20:09,568","level":"INFO","message":"1 change detected"}
{"time":"2026-04-28 11:20:09,973","level":"INFO","message":"1 change detected"}
{"time":"2026-04-28 11:20:10,377","level":"INFO","message":"1 change detected"}
{"time":"2026-04-28 11:20:10,787","level":"INFO","message":"1 change detected"}
{"time":"2026-04-28 11:20:11,193","level":"INFO","message":"1 change detected"}
{"time":"2026-04-28 11:20:11,600","level":"INFO","message":"1 change detected"}
{"time":"2026-04-28 11:20:12,007","level":"INFO","message":"1 change detected"}
{"time":"2026-04-28 11:20:12,411","level":"INFO","message":"1 change detected"}
{"time":"2026-04-28 11:20:12,767","level":"INFO","message":"1 change detected"}
{"time":"2026-04-28 11:20:13,187","level":"INFO","message":"1 change detected"}
{"time":"2026-04-28 11:20:13,614","level":"INFO","message":"1 change detected"}
{"time":"2026-04-28 11:20:14,019","level":"INFO","message":"1 change detected"}
{"time":"2026-04-28 11:20:14,422","level":"INFO","message":"1 change detected"}
{"time":"2026-04-28 11:20:14,829","level":"INFO","message":"1 change detected"}
{"time":"2026-04-28 11:20:15,233","level":"INFO","message":"1 change detected"}
{"time":"2026-04-28 11:20:15,639","level":"INFO","message":"1 change detected"}
{"time":"2026-04-28 11:20:16,045","level":"INFO","message":"1 change detected"}
{"time":"2026-04-28 11:20:16,452","level":"INFO","message":"1 change detected"}
{"time":"2026-04-28 11:20:16,858","level":"INFO","message":"1 change detected"}
{"time":"2026-04-28 11:20:17,263","level":"INFO","message":"1 change detected"}
{"time":"2026-04-28 11:20:17,667","level":"INFO","message":"1 change detected"}
{"time":"2026-04-28 11:20:18,084","level":"INFO","message":"2 changes detected"}
{"time":"2026-04-28 11:20:18,494","level":"INFO","message":"1 change detected"}
{"time":"2026-04-28 11:20:18,908","level":"INFO","message":"1 change detected"}
{"time":"2026-04-28 11:20:19,313","level":"INFO","message":"1 change detected"}
{"time":"2026-04-28 11:20:19,668","level":"INFO","message":"1 change detected"}
{"time":"2026-04-28 11:20:20,076","level":"INFO","message":"1 change detected"}
{"time":"2026-04-28 11:20:20,591","level":"INFO","message":"Stopping reloader process [6652]"}
{"time":"2026-04-28 14:21:35,239","level":"INFO","message":"Alguem acessou o nosso /"}
{"time":"2026-05-11 13:22:54,936","level":"INFO","message":"API iniciando"}
{"time":"2026-05-11 13:29:29,629","level":"INFO","message":"Alguem acessou o nosso /"}
{"time":"2026-05-11 14:26:12,977","level":"INFO","message":"API iniciando"}
{"time":"2026-05-11 14:28:10,421","level":"INFO","message":"{"timestamp": "2026-05-11T14:28:10", "endpoint": "/livros", "usuario": "admin", "page": 1, "limit": 10, "status": "success", "total_livros": 9}"}
{"time":"2026-05-11 14:28:12,621","level":"INFO","message":"{"timestamp": "2026-05-11T14:28:12", "endpoint": "/livros", "usuario": "admin", "page": 1, "limit": 10, "status": "success", "total_livros": 9}"}
{"time":"2026-05-11 14:28:13,339","level":"INFO","message":"{"timestamp": "2026-05-11T14:28:13", "endpoint": "/livros", "usuario": "admin", "page": 1, "limit": 10, "status": "success", "total_livros": 9}"}
{"time":"2026-05-11 14:28:13,932","level":"INFO","message":"{"timestamp": "2026-05-11T14:28:13", "endpoint": "/livros", "usuario": "admin", "page": 1, "limit": 10, "status": "success", "total_livros": 9}"}
{"time":"2026-05-11 14:44:52,833","level":"INFO","message":"{"timestamp": "2026-05-11T14:44:52", "endpoint": "/livros", "usuario": "admin", "page": 1, "limit": 10, "status": "success", "total_livros": 9}"}
{"time":"2026-05-11 14:44:53,057","level":"INFO","message":"{"timestamp": "2026-05-11T14:44:53", "endpoint": "/livros", "usuario": "admin", "page": 1, "limit": 10, "status": "success", "total_livros": 9}"}
{"time":"2026-05-11 14:44:53,225","level":"INFO","message":"{"timestamp": "2026-05-11T14:44:53", "endpoint": "/livros", "usuario": "admin", "page": 1, "limit": 10, "status": "success", "total_livros": 9}"}
{"time":"2026-05-11 14:44:53,403","level":"INFO","message":"{"timestamp": "2026-05-11T14:44:53", "endpoint": "/livros", "usuario": "admin", "page": 1, "limit": 10, "status": "success", "total_livros": 9}"}
{"time":"2026-05-11 14:44:53,543","level":"INFO","message":"{"timestamp": "2026-05-11T14:44:53", "endpoint": "/livros", "usuario": "admin", "page": 1, "limit": 10, "status": "success", "total_livros": 9}"}
{"time":"2026-05-11 14:44:53,704","level":"INFO","message":"{"timestamp": "2026-05-11T14:44:53", "endpoint": "/livros", "usuario": "admin", "page": 1, "limit": 10, "status": "success", "total_livros": 9}"}
{"time":"2026-05-11 14:44:53,843","level":"INFO","message":"{"timestamp": "2026-05-11T14:44:53", "endpoint": "/livros", "usuario": "admin", "page": 1, "limit": 10, "status": "success", "total_livros": 9}"}
